SrgMg, Bhairavi
SrgMP, Bhairavi
Srgmg, Todi
SrgmP, Todi
SrGMG, Ahir-Bhairav/Bhairav
SrGMP, Ahir-Bhairav/Bhairav
SRSRG, Bhoopali
SRgMR, Darbari Kanada
SRgMg, Asavari/Kafi
SRgMP, Asavari/Darbari Kanada/Kafi
SRGRS, Bhoopali
SRGRG, Bhoopali
SRGPR, Bhoopali
SRGPG, Deshkar
SRGPD, Bhoopali/Deshkar
SRGPN, Hamsadhwani
SRGNS, Des
SRMPM, Des/Sarang/Durga/Jhinjoti/Jaunpuri
SRMPd, Jaunpuri
SRMPD, Durga/Jhinjoti
SRMPN, Des/Sarang
SRmPm, Saraswati
SRmPD, Saraswati
SgMgR, Bageshri
SgMPM, Bhimpalasi/Dhani
SgMPn, Bhimpalasi/Dhani
SgMdr, Chandrakauns
SgMdM, Malkauns/Chandrakauns
SgMdn, Malkauns
SgMdN, Chandrakauns
SgMDg, Bageshri
SgMDM, Bageshri
SgMDn, Bageshri
SGMgS, Jog
SGMGR, Bihag
SGMPG, Bihag
SGMPM, Jog
SGMPm, Bihag
SGMPn, Jog
SGMPN, Bihag
SGmGS, Hindol
SGmGR, Maru Bihag
SGmGm, Maru Bihag
SGmPm, Maru Bihag
SGmPN, Maru Bihag
SGmDM, Hindol
SGmDN, Hindol
SMGPM, Kedar
SMGPm, Kedar
SMGPD, Kedar
SdnPg, Darbari Kanada
SdnPM, Darbari Kanada
SdnPd, Darbari Kanada
SDRSR, Bhoopali
SDGPG, Deshkar
SDPGR, Bhoopali
SDPGP, Bhoopali
SDPMR, Durga
SDPMP, Durga
SDPDS, Deshkar
SDPDG, Deshkar
SDPDP, Deshkar
SnSgM, Bhimpalasi/Dhani
SnPMR, Sarang
SnPMg, Dhani
SnPMG, Jog
SnPMP, Sarang/Jog/Dhani
SndMg, Malkauns
SndMd, Malkauns
SndPM, Jaunpuri/Asavari/Bhairavi
SndPd, Jaunpuri/Asavari/Bhairavi
SnDPM, Bhimpalasi/Des/Ahir-Bhairav/Jhinjoti/Kafi
SnDPm, Saraswati
SnDPD, Ahir-Bhairav/Jhinjoti/Kafi/Saraswati
SnDPn, Bhimpalasi
SnDPN, Des
SNSGM, Bihag
SNrGm, Pooriya Kalyan/Marwa
SNRGm, Yaman
SNPGR, Hamsadhwani
SNPGP, Hamsadhwani
SNdMg, Chandrakauns
SNdMd, Chandrakauns
SNdPM, Bhairav
SNdPd, Bhairav
SNDMg, Bageshri
SNDMG, Hindol
SNDMP, Bageshri
SNDMD, Bageshri
SNDmG, Marwa
SNDmD, Marwa
SNDPR, Yaman
SNDPG, Bihag
SNDPM, Kedar
SNDPm, Yaman/Pooriya Kalyan/Maru Bihag/Bihag/Todi/Kedar
SNDPd, Todi
SNDPD, Pooriya Kalyan/Kedar
SNDPN, Maru Bihag/Bihag
rSrgM, Bhairavi
rSrgm, Todi
rSrGM, Ahir-Bhairav/Bhairav
rSndP, Bhairavi
rSnDP, Ahir-Bhairav
rSNdP, Bhairav
rSNDm, Marwa
rSNDP, Pooriya Kalyan/Todi
rgMPM, Bhairavi
rgMPd, Bhairavi
rgmPm, Todi
rgmPd, Todi
rGMPM, Ahir-Bhairav/Bhairav
rGMPd, Bhairav
rGMPD, Ahir-Bhairav
rGmrG, Pooriya Kalyan
rGmDm, Marwa
rGmDP, Pooriya Kalyan
rGmDN, Pooriya Kalyan/Marwa
RSRgM, Asavari/Darbari Kanada/Kafi
RSRGR, Bhoopali
RSRGP, Bhoopali
RSRMP, Sarang/Durga/Jaunpuri
RSRmP, Saraswati
RSgMP, Bhimpalasi
RSgMD, Bageshri
RSGMP, Bihag
RSGmP, Maru Bihag
RSMGP, Kedar
RSdnP, Darbari Kanada
RSDPG, Bhoopali
RSDPM, Durga
RSDPD, Deshkar
RSnPM, Sarang
RSndP, Jaunpuri/Asavari
RSnDP, Bhimpalasi/Kafi/Saraswati
RSNPG, Hamsadhwani
RSNDM, Bageshri
RSNDP, Yaman/Maru Bihag/Bihag/Kedar
RgMRS, Darbari Kanada
RgMPg, Darbari Kanada
RgMPM, Asavari/Darbari Kanada/Kafi
RgMPd, Asavari/Darbari Kanada
RgMPD, Kafi
RGRSR, Bhoopali
RGRSD, Bhoopali
RGRGS, Jhinjoti
RGRGN, Des
RGmDP, Yaman
RGmDN, Yaman
RGPGR, Deshkar
RGPDS, Bhoopali/Deshkar
RGPDR, Bhoopali
RGPDG, Deshkar
RGPDP, Bhoopali/Deshkar
RGPNS, Hamsadhwani
RGPNP, Hamsadhwani
RGNSR, Des
RGNSn, Des
RMgRS, Jaunpuri
RMGRG, Des/Jhinjoti
RMPdP, Jaunpuri
RMPdn, Jaunpuri
RMPDS, Durga/Jhinjoti
RMPDP, Durga/Jhinjoti
RMPNS, Des/Sarang
RmPDS, Saraswati
RmPDP, Saraswati
gSgMP, Dhani
gSgMd, Malkauns/Chandrakauns
gSGMP, Jog
gSnPM, Jog/Dhani
gSndM, Malkauns
gSNdM, Chandrakauns
grgMP, Bhairavi
grgmP, Todi
gRgMP, Asavari/Kafi
gRMPd, Jaunpuri
gMRSR, Darbari Kanada
gMRSd, Darbari Kanada
gMgrS, Bhairavi
gMgRS, Bageshri
gMPgM, Darbari Kanada
gMPdP, Asavari/Bhairavi
gMPdn, Asavari/Darbari Kanada/Bhairavi
gMPDg, Bageshri
gMPDP, Kafi
gMPDn, Kafi
gMPnS, Bhimpalasi/Dhani
gMPnP, Dhani
gMPnD, Bhimpalasi
gMdnS, Malkauns
gMdnd, Malkauns
gMdNS, Chandrakauns
gMdNd, Chandrakauns
gMDnS, Bageshri
gmgrS, Todi
gmPdN, Todi
GSRMP, Jhinjoti
GSGmD, Hindol
GSnDP, Jhinjoti
GSNDM, Hindol
GrGMP, Ahir-Bhairav/Bhairav
GrGmD, Pooriya Kalyan/Marwa
GRSRG, Bhoopali
GRGSR, Jhinjoti
GRGSn, Jhinjoti
GRGRS, Bhoopali
GRGmD, Yaman
GRGPD, Bhoopali/Deshkar
GRGPN, Hamsadhwani
GRGNS, Des
GRMPD, Jhinjoti
GRMPN, Des
GMgSG, Jog
GMgSn, Jog
GMGrS, Ahir-Bhairav/Bhairav
GMGRS, Bihag
GMGMg, Jog
GMPdP, Bhairav
GMPdN, Bhairav
GMPDP, Ahir-Bhairav
GMPDn, Ahir-Bhairav
GMPnS, Jog
GMPnP, Jog
GMPNS, Bihag
GMPND, Bihag
GmrGr, Pooriya Kalyan
GmrGm, Pooriya Kalyan
GmGSG, Hindol
GmGSN, Hindol
GmGrS, Pooriya Kalyan/Marwa
GmGRS, Maru Bihag
GmGmG, Maru Bihag
GmGmP, Maru Bihag
GmPNS, Maru Bihag
GmPND, Maru Bihag
GmDNS, Hindol/Yaman/Pooriya Kalyan/Marwa
GmDNr, Pooriya Kalyan/Marwa
GmDNR, Yaman
GmDND, Hindol/Yaman/Pooriya Kalyan/Marwa
GPRGR, Bhoopali
GPGRS, Deshkar
GPGRG, Deshkar
GPMRS, Kedar
GPmPM, Kedar
GPmPm, Kedar
GPmPD, Kedar
GPDSR, Bhoopali/Deshkar
GPDSD, Bhoopali/Deshkar
GPDGP, Deshkar
GPDPM, Kedar
GPDNS, Kedar
GPNSR, Hamsadhwani
GPNSN, Hamsadhwani
GNSRM, Des
MRgMP, Darbari Kanada
MRMPD, Durga
MRMPN, Sarang
MgrSr, Bhairavi
MgrSn, Bhairavi
MgRSR, Jaunpuri/Asavari/Kafi
MgRSg, Bhimpalasi/Bageshri
MgRSn, Bhimpalasi/Jaunpuri/Asavari/Kafi
MgRSN, Bageshri
MgMgR, Bageshri
MgMPd, Asavari/Bhairavi
MgMPD, Kafi
MgMPn, Bhimpalasi/Dhani
MgMdn, Malkauns
MgMdN, Chandrakauns
MgMDn, Bageshri
MGrSr, Ahir-Bhairav/Bhairav
MGrSn, Ahir-Bhairav
MGrSN, Bhairav
MGRSG, Bihag
MGRSN, Bihag
MGRGS, Jhinjoti
MGRGR, Des/Jhinjoti
MGRGN, Des
MGMgS, Jog
MGMGR, Bihag
MGMPd, Bhairav
MGMPD, Ahir-Bhairav
MGMPn, Jog
MGMPN, Bihag
MGmGS, Hindol
MGmGm, Hindol
MGmDN, Hindol
MGPmP, Kedar
MPgMR, Darbari Kanada
MPgMP, Darbari Kanada
MPGMG, Bihag
MPMRS, Sarang/Durga
MPMgS, Dhani
MPMgr, Bhairavi
MPMgR, Bhimpalasi/Jaunpuri/Asavari/Kafi
MPMGr, Ahir-Bhairav/Bhairav
MPMGR, Des/Jhinjoti
MPMGM, Jog
MPMPg, Darbari Kanada
MPmPG, Bihag
MPdnS, Jaunpuri/Asavari/Darbari Kanada/Bhairavi
MPdnP, Darbari Kanada
MPdnd, Jaunpuri/Asavari/Bhairavi
MPdNS, Bhairav
MPdNd, Bhairav
MPDSR, Durga/Jhinjoti
MPDSD, Durga
MPDSn, Jhinjoti
MPDgR, Bageshri
MPDgM, Bageshri
MPDnS, Ahir-Bhairav/Kafi
MPDnD, Ahir-Bhairav/Kafi
MPnSg, Dhani
MPnSG, Jog
MPnSn, Bhimpalasi/Jog/Dhani
MPNSR, Des
MPNSG, Bihag
MPNSn, Des/Sarang
MPNSN, Bihag
MdMgS, Malkauns/Chandrakauns
MdnSg, Malkauns
MdnSn, Malkauns
MdNSg, Chandrakauns
MdNSN, Chandrakauns
MDgMg, Bageshri
MDMPD, Bageshri
MDnSg, Bageshri
MDnSN, Bageshri
mrGmr, Pooriya Kalyan
mrGmD, Pooriya Kalyan
mRmPD, Saraswati
mgrSr, Todi
mgrSN, Todi
mgmPd, Todi
mGrSN, Pooriya Kalyan/Marwa
mGRSG, Maru Bihag
mGRSN, Yaman/Maru Bihag
mGmrG, Pooriya Kalyan
mGmGS, Hindol
mGmGR, Maru Bihag
mGmGm, Maru Bihag
mGmPN, Maru Bihag
mGmDN, Hindol/Yaman/Pooriya Kalyan/Marwa
mPGMG, Bihag
mPGMP, Bihag
mPMRS, Kedar
mPmRS, Saraswati
mPmgr, Todi
mPmGm, Maru Bihag
mPmPG, Bihag
mPmPD, Kedar
mPdNS, Todi
mPdND, Todi
mPDSR, Saraswati
mPDSn, Saraswati
mPDPM, Kedar
mPDPm, Kedar
mPDPD, Kedar
mPDNS, Kedar
mPDND, Kedar
mPNSG, Maru Bihag
mPNSN, Maru Bihag
mDMGm, Hindol
mDmGr, Marwa
mDPmG, Yaman/Pooriya Kalyan
mDNSG, Hindol
mDNSN, Hindol/Yaman/Pooriya Kalyan/Marwa
PRSRG, Bhoopali
PRGRS, Bhoopali
PRGRG, Bhoopali
PRGmG, Yaman
PRGmD, Yaman
PRGPD, Bhoopali
PgMRS, Darbari Kanada
PgMRg, Darbari Kanada
PgMPg, Darbari Kanada
PgMPd, Darbari Kanada
PGRSR, Bhoopali
PGRSD, Bhoopali/Deshkar
PGRSN, Hamsadhwani
PGMGR, Bihag
PGMGM, Bihag
PGMPN, Bihag
PGPGR, Deshkar
PGPDS, Bhoopali/Deshkar
PGPNS, Hamsadhwani
PMRSR, Sarang/Durga
PMRSM, Kedar
PMRSD, Durga
PMRSn, Sarang
PMRSN, Kedar
PMgSg, Dhani
PMgSn, Dhani
PMgrS, Bhairavi
PMgrg, Bhairavi
PMgRS, Bhimpalasi/Jaunpuri/Asavari/Kafi
PMgRg, Asavari/Kafi
PMgRM, Jaunpuri
PMGrS, Ahir-Bhairav/Bhairav
PMGrG, Ahir-Bhairav/Bhairav
PMGRG, Des/Jhinjoti
PMGRM, Des/Jhinjoti
PMGMg, Jog
PMGMG, Jog
PMGMP, Jog
PMGPm, Kedar
PMPgM, Darbari Kanada
PMPdn, Darbari Kanada
PMPdN, Bhairav
PMPDS, Durga/Jhinjoti
PMPDn, Ahir-Bhairav/Kafi
PMPnS, Bhimpalasi/Jog/Dhani
PMPNS, Des/Sarang
PmRSR, Saraswati
PmRSn, Saraswati
PmgrS, Todi
Pmgrg, Todi
PmGrS, Pooriya Kalyan
PmGrG, Pooriya Kalyan
PmGRS, Yaman
PmGRG, Yaman
PmGmG, Maru Bihag
PmGmP, Maru Bihag
PmPGR, Bihag
PmPGM, Bihag
PmPdN, Todi
PmPDS, Saraswati
PmPDP, Kedar
PmPDN, Kedar
PmPNS, Maru Bihag
PmDNS, Yaman/Pooriya Kalyan
PdPMg, Jaunpuri/Asavari/Bhairavi
PdPMG, Bhairav
PdnSr, Bhairavi
PdnSR, Jaunpuri/Asavari/Darbari Kanada
PdnSd, Darbari Kanada
PdnSn, Jaunpuri/Asavari/Bhairavi
PdnPM, Darbari Kanada
PdNSr, Todi/Bhairav
PdNSN, Todi/Bhairav
PDRSR, Bhoopali
PDgMg, Bageshri
PDgMP, Bageshri
PDgMD, Bageshri
PDGPG, Deshkar
PDGPD, Deshkar
PDMPD, Bageshri
PDPGR, Bhoopali
PDPMR, Kedar
PDPMg, Kafi
PDPMG, Ahir-Bhairav/Jhinjoti/Kedar
PDPmR, Saraswati
PDPmG, Pooriya Kalyan
PDPmP, Kedar
PDPDG, Deshkar
PDnSr, Ahir-Bhairav
PDnSR, Kafi
PDnSn, Ahir-Bhairav/Kafi
PDNSM, Kedar
PDNSN, Kedar
PnSgS, Dhani
PnSgM, Dhani
PnPMg, Dhani
PnPMG, Jog
PnDPM, Bhimpalasi
PNSRM, Des
PNSGM, Bihag
PNPGR, Hamsadhwani
PNDPm, Maru Bihag/Bihag
dMgSg, Malkauns/Chandrakauns
dMgSn, Malkauns
dMgSN, Chandrakauns
dMdnS, Malkauns
dMdNS, Chandrakauns
dPMgr, Bhairavi
dPMgR, Jaunpuri/Asavari
dPMgM, Asavari/Bhairavi
dPMGr, Bhairav
dPMGM, Bhairav
dPdnS, Jaunpuri/Asavari/Bhairavi
dPdNS, Bhairav
dnPMR, Darbari Kanada
dnPMP, Darbari Kanada
dndMg, Malkauns
dndPM, Jaunpuri/Asavari/Bhairavi
dNdMg, Chandrakauns
dNdPM, Bhairav
dNDPm, Todi
DSRGR, Bhoopali
DSRGP, Bhoopali/Deshkar
DSRMP, Durga/Jhinjoti
DSRmP, Saraswati
DSDPG, Bhoopali
DSDPM, Durga
DSDPD, Deshkar
DSnDP, Jhinjoti/Saraswati
DRSRS, Bhoopali
DRSRG, Bhoopali
DRGRS, Bhoopali
DRGPD, Bhoopali
DgMgR, Bageshri
DgMgM, Bageshri
DgMDn, Bageshri
DGPGR, Deshkar
DGPGP, Deshkar
DGPDS, Deshkar
DGPDG, Deshkar
DMgRS, Bageshri
DMGmG, Hindol
DMGmD, Hindol
DMPDg, Bageshri
DMPDM, Bageshri
DMPDn, Bageshri
DMDnS, Bageshri
DmGrS, Marwa
DmGrG, Marwa
DmDNS, Marwa
DPRGR, Bhoopali
DPRGm, Yaman
DPGRS, Bhoopali
DPGRG, Bhoopali
DPGMG, Bihag
DPMRS, Durga/Kedar
DPMRM, Durga
DPMgR, Bhimpalasi/Kafi
DPMgM, Bhimpalasi/Kafi
DPMGS, Jhinjoti
DPMGr, Ahir-Bhairav
DPMGR, Des/Jhinjoti
DPMGM, Ahir-Bhairav
DPMGN, Des
DPmRS, Saraswati
DPmRm, Saraswati
DPmgr, Todi
DPmgm, Todi
DPmGr, Pooriya Kalyan
DPmGR, Yaman
DPmGm, Maru Bihag
DPmPG, Bihag
DPmPM, Kedar
DPmPm, Bihag/Kedar
DPmPD, Kedar
DPmPN, Bihag
DPdNS, Todi
DPDGR, Deshkar
DPDGP, Deshkar
DPDPM, Kedar
DPDnS, Ahir-Bhairav/Kafi
DPDNS, Kedar
DnDPM, Ahir-Bhairav/Kafi
DNrGm, Pooriya Kalyan/Marwa
DNRGm, Yaman
DNDMG, Hindol
DNDmG, Marwa
DNDPm, Yaman/Pooriya Kalyan/Kedar
nSrgM, Bhairavi
nSrGM, Ahir-Bhairav
nSRgM, Asavari/Darbari Kanada/Kafi
nSRMP, Jaunpuri
nSgMg, Bhimpalasi/Dhani
nSgMP, Bhimpalasi/Dhani
nSgMd, Malkauns
nSgMD, Bageshri
nSGMP, Jog
nSdnP, Darbari Kanada
nSnPM, Jog/Dhani
nSndM, Malkauns
nSndP, Jaunpuri/Asavari/Bhairavi
nSnDP, Bhimpalasi/Ahir-Bhairav/Kafi
nSNDM, Bageshri
nPgMR, Darbari Kanada
nPMRS, Sarang
nPMRM, Sarang
nPMgS, Dhani
nPMgM, Dhani
nPMGM, Jog
nPMPg, Darbari Kanada
nPMPM, Darbari Kanada
nPMPd, Darbari Kanada
nPdnS, Darbari Kanada
nPnSg, Dhani
ndMgS, Malkauns
ndMgM, Malkauns
ndPMg, Jaunpuri/Asavari/Bhairavi
ndPMP, Jaunpuri/Asavari/Bhairavi
nDPMg, Bhimpalasi/Kafi
nDPMG, Des/Ahir-Bhairav/Jhinjoti
nDPMP, Bhimpalasi/Des/Ahir-Bhairav/Jhinjoti/Kafi
nDPmR, Saraswati
nDPmP, Saraswati
NSrgm, Todi
NSrGM, Bhairav
NSRGP, Hamsadhwani
NSRMG, Des
NSRMP, Des
NSgMd, Chandrakauns
NSGMG, Bihag
NSGMP, Bihag
NSGmP, Maru Bihag
NSGmD, Hindol
NSMGP, Kedar
NSnPM, Sarang
NSnDP, Des
NSNPG, Hamsadhwani
NSNdM, Chandrakauns
NSNdP, Bhairav
NSNDM, Hindol
NSNDm, Marwa
NSNDP, Yaman/Pooriya Kalyan/Maru Bihag/Bihag/Todi/Kedar
NrGmr, Pooriya Kalyan
NrGmG, Pooriya Kalyan/Marwa
NrGmD, Pooriya Kalyan/Marwa
NRGmG, Yaman
NRGmD, Yaman
NPGRS, Hamsadhwani
NPGRG, Hamsadhwani
NdMgS, Chandrakauns
NdMgM, Chandrakauns
NdPMG, Bhairav
NdPMP, Bhairav
NDgMg, Bageshri
NDMGS, Hindol
NDMGm, Hindol
NDMPD, Bageshri
NDmGr, Marwa
NDmGm, Marwa
NDPMR, Kedar
NDPmr, Pooriya Kalyan
NDPmg, Todi
NDPmG, Yaman/Pooriya Kalyan/Maru Bihag
NDPmP, Bihag/Kedar
NDPmD, Yaman/Pooriya Kalyan
SSrgMP, Bhairavi
SSrgmP, Todi
SSrGMP, Ahir-Bhairav/Bhairav
SSRgMP, Asavari/Darbari Kanada/Kafi
SSRGRS, Bhoopali
SSRGPD, Bhoopali/Deshkar
SSRGPN, Hamsadhwani
SSRMPd, Jaunpuri
SSRMPD, Durga/Jhinjoti
SSRMPN, Des/Sarang
SSRmPD, Saraswati
SSgMPn, Bhimpalasi/Dhani
SSgMdn, Malkauns
SSgMdN, Chandrakauns
SSgMDn, Bageshri
SSGMPn, Jog
SSGMPN, Bihag
SSGmPN, Maru Bihag
SSGmDN, Hindol
SSMGPm, Kedar
SSdnPM, Darbari Kanada
SSDPGR, Bhoopali
SSDPMR, Durga
SSDPDG, Deshkar
SSnPMR, Sarang
SSnPMg, Dhani
SSnPMG, Jog
SSndMg, Malkauns
SSndPM, Jaunpuri/Asavari/Bhairavi
SSnDPM, Bhimpalasi/Des/Ahir-Bhairav/Jhinjoti/Kafi
SSnDPm, Saraswati
SSNPGR, Hamsadhwani
SSNdMg, Chandrakauns
SSNdPM, Bhairav
SSNDMG, Hindol
SSNDMP, Bageshri
SSNDmG, Marwa
SSNDPm, Yaman/Pooriya Kalyan/Maru Bihag/Bihag/Todi/Kedar
SrgMPS, Bhairavi
SrgMPr, Bhairavi
SrgMPR, Bhairavi
SrgMPg, Bhairavi
SrgMPG, Bhairavi
SrgMPM, Bhairavi
SrgMPm, Bhairavi
SrgMPP, Bhairavi
SrgMPd, Bhairavi
SrgMPD, Bhairavi
SrgMPn, Bhairavi
SrgMPN, Bhairavi
SrgmPS, Todi
SrgmPr, Todi
SrgmPR, Todi
SrgmPg, Todi
SrgmPG, Todi
SrgmPM, Todi
SrgmPm, Todi
SrgmPP, Todi
SrgmPd, Todi
SrgmPD, Todi
SrgmPn, Todi
SrgmPN, Todi
SrGMPS, Ahir-Bhairav/Bhairav
SrGMPr, Ahir-Bhairav/Bhairav
SrGMPR, Ahir-Bhairav/Bhairav
SrGMPg, Ahir-Bhairav/Bhairav
SrGMPG, Ahir-Bhairav/Bhairav
SrGMPM, Ahir-Bhairav/Bhairav
SrGMPm, Ahir-Bhairav/Bhairav
SrGMPP, Ahir-Bhairav/Bhairav
SrGMPd, Bhairav
SrGMPD, Ahir-Bhairav
SrGMPn, Ahir-Bhairav/Bhairav
SrGMPN, Ahir-Bhairav/Bhairav
SrGmDN, Pooriya Kalyan/Marwa
SRSRGR, Bhoopali
SRSRGP, Bhoopali
SRgMRS, Darbari Kanada
SRgMPS, Asavari/Darbari Kanada/Kafi
SRgMPr, Asavari/Darbari Kanada/Kafi
SRgMPR, Asavari/Darbari Kanada/Kafi
SRgMPg, Darbari Kanada
SRgMPG, Asavari/Darbari Kanada/Kafi
SRgMPM, Asavari/Darbari Kanada/Kafi
SRgMPm, Asavari/Darbari Kanada/Kafi
SRgMPP, Asavari/Darbari Kanada/Kafi
SRgMPd, Asavari/Darbari Kanada
SRgMPD, Kafi
SRgMPn, Asavari/Darbari Kanada/Kafi
SRgMPN, Asavari/Darbari Kanada/Kafi
SRGRSS, Bhoopali
SRGRSr, Bhoopali
SRGRSR, Bhoopali
SRGRSg, Bhoopali
SRGRSG, Bhoopali
SRGRSM, Bhoopali
SRGRSm, Bhoopali
SRGRSP, Bhoopali
SRGRSd, Bhoopali
SRGRSD, Bhoopali
SRGRSn, Bhoopali
SRGRSN, Bhoopali
SRGmDN, Yaman
SRGPGR, Deshkar
SRGPDS, Bhoopali/Deshkar
SRGPDr, Bhoopali/Deshkar
SRGPDR, Bhoopali
SRGPDg, Bhoopali/Deshkar
SRGPDG, Deshkar
SRGPDM, Bhoopali/Deshkar
SRGPDm, Bhoopali/Deshkar
SRGPDP, Bhoopali/Deshkar
SRGPDd, Bhoopali/Deshkar
SRGPDD, Bhoopali/Deshkar
SRGPDn, Bhoopali/Deshkar
SRGPDN, Bhoopali/Deshkar
SRGPNS, Hamsadhwani
SRGPNr, Hamsadhwani
SRGPNR, Hamsadhwani
SRGPNg, Hamsadhwani
SRGPNG, Hamsadhwani
SRGPNM, Hamsadhwani
SRGPNm, Hamsadhwani
SRGPNP, Hamsadhwani
SRGPNd, Hamsadhwani
SRGPND, Hamsadhwani
SRGPNn, Hamsadhwani
SRGPNN, Hamsadhwani
SRMPdS, Jaunpuri
SRMPdr, Jaunpuri
SRMPdR, Jaunpuri
SRMPdg, Jaunpuri
SRMPdG, Jaunpuri
SRMPdM, Jaunpuri
SRMPdm, Jaunpuri
SRMPdP, Jaunpuri
SRMPdd, Jaunpuri
SRMPdD, Jaunpuri
SRMPdn, Jaunpuri
SRMPdN, Jaunpuri
SRMPDS, Durga/Jhinjoti
SRMPDr, Durga/Jhinjoti
SRMPDR, Durga/Jhinjoti
SRMPDg, Durga/Jhinjoti
SRMPDG, Durga/Jhinjoti
SRMPDM, Durga/Jhinjoti
SRMPDm, Durga/Jhinjoti
SRMPDP, Durga/Jhinjoti
SRMPDd, Durga/Jhinjoti
SRMPDD, Durga/Jhinjoti
SRMPDn, Durga/Jhinjoti
SRMPDN, Durga/Jhinjoti
SRMPNS, Des/Sarang
SRMPNr, Des/Sarang
SRMPNR, Des/Sarang
SRMPNg, Des/Sarang
SRMPNG, Des/Sarang
SRMPNM, Des/Sarang
SRMPNm, Des/Sarang
SRMPNP, Des/Sarang
SRMPNd, Des/Sarang
SRMPND, Des/Sarang
SRMPNn, Des/Sarang
SRMPNN, Des/Sarang
SRmPDS, Saraswati
SRmPDr, Saraswati
SRmPDR, Saraswati
SRmPDg, Saraswati
SRmPDG, Saraswati
SRmPDM, Saraswati
SRmPDm, Saraswati
SRmPDP, Saraswati
SRmPDd, Saraswati
SRmPDD, Saraswati
SRmPDn, Saraswati
SRmPDN, Saraswati
SgMgRS, Bageshri
SgMPdn, Asavari/Darbari Kanada/Bhairavi
SgMPDn, Kafi
SgMPnS, Bhimpalasi/Dhani
SgMPnr, Bhimpalasi/Dhani
SgMPnR, Bhimpalasi/Dhani
SgMPng, Bhimpalasi/Dhani
SgMPnG, Bhimpalasi/Dhani
SgMPnM, Bhimpalasi/Dhani
SgMPnm, Bhimpalasi/Dhani
SgMPnP, Dhani
SgMPnd, Bhimpalasi/Dhani
SgMPnD, Bhimpalasi
SgMPnn, Bhimpalasi/Dhani
SgMPnN, Bhimpalasi/Dhani
SgMdnS, Malkauns
SgMdnr, Malkauns
SgMdnR, Malkauns
SgMdng, Malkauns
SgMdnG, Malkauns
SgMdnM, Malkauns
SgMdnm, Malkauns
SgMdnP, Malkauns
SgMdnd, Malkauns
SgMdnD, Malkauns
SgMdnn, Malkauns
SgMdnN, Malkauns
SgMdNS, Chandrakauns
SgMdNr, Chandrakauns
SgMdNR, Chandrakauns
SgMdNg, Chandrakauns
SgMdNG, Chandrakauns
SgMdNM, Chandrakauns
SgMdNm, Chandrakauns
SgMdNP, Chandrakauns
SgMdNd, Chandrakauns
SgMdND, Chandrakauns
SgMdNn, Chandrakauns
SgMdNN, Chandrakauns
SgMDnS, Bageshri
SgMDnr, Bageshri
SgMDnR, Bageshri
SgMDng, Bageshri
SgMDnG, Bageshri
SgMDnM, Bageshri
SgMDnm, Bageshri
SgMDnP, Bageshri
SgMDnd, Bageshri
SgMDnD, Bageshri
SgMDnn, Bageshri
SgMDnN, Bageshri
SgmPdN, Todi
SGRGNS, Des
SGMGRS, Bihag
SGMPdN, Bhairav
SGMPDn, Ahir-Bhairav
SGMPnS, Jog
SGMPnr, Jog
SGMPnR, Jog
SGMPng, Jog
SGMPnG, Jog
SGMPnM, Jog
SGMPnm, Jog
SGMPnP, Jog
SGMPnd, Jog
SGMPnD, Jog
SGMPnn, Jog
SGMPnN, Jog
SGMPNS, Bihag
SGMPNr, Bihag
SGMPNR, Bihag
SGMPNg, Bihag
SGMPNG, Bihag
SGMPNM, Bihag
SGMPNm, Bihag
SGMPNP, Bihag
SGMPNd, Bihag
SGMPND, Bihag
SGMPNn, Bihag
SGMPNN, Bihag
SGmGRS, Maru Bihag
SGmGmG, Maru Bihag
SGmPNS, Maru Bihag
SGmPNr, Maru Bihag
SGmPNR, Maru Bihag
SGmPNg, Maru Bihag
SGmPNG, Maru Bihag
SGmPNM, Maru Bihag
SGmPNm, Maru Bihag
SGmPNP, Maru Bihag
SGmPNd, Maru Bihag
SGmPND, Maru Bihag
SGmPNn, Maru Bihag
SGmPNN, Maru Bihag
SGmDNS, Hindol
SGmDNr, Hindol
SGmDNR, Hindol
SGmDNg, Hindol
SGmDNG, Hindol
SGmDNM, Hindol
SGmDNm, Hindol
SGmDNP, Hindol
SGmDNd, Hindol
SGmDND, Hindol
SGmDNn, Hindol
SGmDNN, Hindol
SGPGRS, Deshkar
SGPmPD, Kedar
SMGRGS, Jhinjoti
SMGRGN, Des
SMGMgS, Jog
SMGmGS, Hindol
SMGPmS, Kedar
SMGPmr, Kedar
SMGPmR, Kedar
SMGPmg, Kedar
SMGPmG, Kedar
SMGPmM, Kedar
SMGPmm, Kedar
SMGPmP, Kedar
SMGPmd, Kedar
SMGPmD, Kedar
SMGPmn, Kedar
SMGPmN, Kedar
SMPgMR, Darbari Kanada
SMPdnS, Jaunpuri/Asavari/Darbari Kanada/Bhairavi
SMPdNS, Bhairav
SMPDgM, Bageshri
SMPDnS, Ahir-Bhairav/Kafi
SmGmGR, Maru Bihag
SmPGMG, Bihag
SmPdNS, Todi
SmPDPM, Kedar
SmPDNS, Kedar
SPRGRS, Bhoopali
SPgMRS, Darbari Kanada
SPGMGR, Bihag
SPMgrS, Bhairavi
SPMgRS, Bhimpalasi/Jaunpuri/Asavari/Kafi
SPMGrS, Ahir-Bhairav/Bhairav
SPMGRG, Des/Jhinjoti
SPMGMg, Jog
SPMPgM, Darbari Kanada
SPmgrS, Todi
SPmGrS, Pooriya Kalyan
SPmGRS, Yaman
SPmGmG, Maru Bihag
SPmPGM, Bihag
SPmPDP, Kedar
SPmPDN, Kedar
SPDgMg, Bageshri
SPDGPG, Deshkar
SPDPMR, Kedar
SPnSgM, Dhani
SdPMgr, Bhairavi
SdPMgR, Jaunpuri/Asavari
SdPMGr, Bhairav
SdnPMS, Darbari Kanada
SdnPMr, Darbari Kanada
SdnPMR, Darbari Kanada
SdnPMg, Darbari Kanada
SdnPMG, Darbari Kanada
SdnPMM, Darbari Kanada
SdnPMm, Darbari Kanada
SdnPMP, Darbari Kanada
SdnPMd, Darbari Kanada
SdnPMD, Darbari Kanada
SdnPMn, Darbari Kanada
SdnPMN, Darbari Kanada
SDRSRG, Bhoopali
SDgMgR, Bageshri
SDGPGR, Deshkar
SDMGmG, Hindol
SDMPDg, Bageshri
SDmGrS, Marwa
SDPGRS, Bhoopali
SDPGRr, Bhoopali
SDPGRR, Bhoopali
SDPGRg, Bhoopali
SDPGRG, Bhoopali
SDPGRM, Bhoopali
SDPGRm, Bhoopali
SDPGRP, Bhoopali
SDPGRd, Bhoopali
SDPGRD, Bhoopali
SDPGRn, Bhoopali
SDPGRN, Bhoopali
SDPMRS, Durga
SDPMRr, Durga
SDPMRR, Durga
SDPMRg, Durga
SDPMRG, Durga
SDPMRM, Durga
SDPMRm, Durga
SDPMRP, Durga
SDPMRd, Durga
SDPMRD, Durga
SDPMRn, Durga
SDPMRN, Durga
SDPMgR, Bhimpalasi/Kafi
SDPMGr, Ahir-Bhairav
SDPMGR, Des/Jhinjoti
SDPmRS, Saraswati
SDPmgr, Todi
SDPmGr, Pooriya Kalyan
SDPmGR, Yaman
SDPmGm, Maru Bihag
SDPmPG, Bihag
SDPmPD, Kedar
SDPDGS, Deshkar
SDPDGr, Deshkar
SDPDGR, Deshkar
SDPDGg, Deshkar
SDPDGG, Deshkar
SDPDGM, Deshkar
SDPDGm, Deshkar
SDPDGP, Deshkar
SDPDGd, Deshkar
SDPDGD, Deshkar
SDPDGn, Deshkar
SDPDGN, Deshkar
SnSgMP, Bhimpalasi/Dhani
SnPMRS, Sarang
SnPMRr, Sarang
SnPMRR, Sarang
SnPMRg, Sarang
SnPMRG, Sarang
SnPMRM, Sarang
SnPMRm, Sarang
SnPMRP, Sarang
SnPMRd, Sarang
SnPMRD, Sarang
SnPMRn, Sarang
SnPMRN, Sarang
SnPMgS, Dhani
SnPMgr, Dhani
SnPMgR, Dhani
SnPMgg, Dhani
SnPMgG, Dhani
SnPMgM, Dhani
SnPMgm, Dhani
SnPMgP, Dhani
SnPMgd, Dhani
SnPMgD, Dhani
SnPMgn, Dhani
SnPMgN, Dhani
SnPMGS, Jog
SnPMGr, Jog
SnPMGR, Jog
SnPMGg, Jog
SnPMGG, Jog
SnPMGM, Jog
SnPMGm, Jog
SnPMGP, Jog
SnPMGd, Jog
SnPMGD, Jog
SnPMGn, Jog
SnPMGN, Jog
SnPMPg, Darbari Kanada
SndMgS, Malkauns
SndMgr, Malkauns
SndMgR, Malkauns
SndMgg, Malkauns
SndMgG, Malkauns
SndMgM, Malkauns
SndMgm, Malkauns
SndMgP, Malkauns
SndMgd, Malkauns
SndMgD, Malkauns
SndMgn, Malkauns
SndMgN, Malkauns
SndPMS, Jaunpuri/Asavari/Bhairavi
SndPMr, Jaunpuri/Asavari/Bhairavi
SndPMR, Jaunpuri/Asavari/Bhairavi
SndPMg, Jaunpuri/Asavari/Bhairavi
SndPMG, Jaunpuri/Asavari/Bhairavi
SndPMM, Jaunpuri/Asavari/Bhairavi
SndPMm, Jaunpuri/Asavari/Bhairavi
SndPMP, Jaunpuri/Asavari/Bhairavi
SndPMd, Jaunpuri/Asavari/Bhairavi
SndPMD, Jaunpuri/Asavari/Bhairavi
SndPMn, Jaunpuri/Asavari/Bhairavi
SndPMN, Jaunpuri/Asavari/Bhairavi
SnDPMS, Bhimpalasi/Des/Ahir-Bhairav/Jhinjoti/Kafi
SnDPMr, Bhimpalasi/Des/Ahir-Bhairav/Jhinjoti/Kafi
SnDPMR, Bhimpalasi/Des/Ahir-Bhairav/Jhinjoti/Kafi
SnDPMg, Bhimpalasi/Kafi
SnDPMG, Des/Ahir-Bhairav/Jhinjoti
SnDPMM, Bhimpalasi/Des/Ahir-Bhairav/Jhinjoti/Kafi
SnDPMm, Bhimpalasi/Des/Ahir-Bhairav/Jhinjoti/Kafi
SnDPMP, Bhimpalasi/Des/Ahir-Bhairav/Jhinjoti/Kafi
SnDPMd, Bhimpalasi/Des/Ahir-Bhairav/Jhinjoti/Kafi
SnDPMD, Bhimpalasi/Des/Ahir-Bhairav/Jhinjoti/Kafi
SnDPMn, Bhimpalasi/Des/Ahir-Bhairav/Jhinjoti/Kafi
SnDPMN, Bhimpalasi/Des/Ahir-Bhairav/Jhinjoti/Kafi
SnDPmS, Saraswati
SnDPmr, Saraswati
SnDPmR, Saraswati
SnDPmg, Saraswati
SnDPmG, Saraswati
SnDPmM, Saraswati
SnDPmm, Saraswati
SnDPmP, Saraswati
SnDPmd, Saraswati
SnDPmD, Saraswati
SnDPmn, Saraswati
SnDPmN, Saraswati
SNSRMP, Des
SNSGMP, Bihag
SNrGmD, Pooriya Kalyan/Marwa
SNRGmD, Yaman
SNPGRS, Hamsadhwani
SNPGRr, Hamsadhwani
SNPGRR, Hamsadhwani
SNPGRg, Hamsadhwani
SNPGRG, Hamsadhwani
SNPGRM, Hamsadhwani
SNPGRm, Hamsadhwani
SNPGRP, Hamsadhwani
SNPGRd, Hamsadhwani
SNPGRD, Hamsadhwani
SNPGRn, Hamsadhwani
SNPGRN, Hamsadhwani
SNdMgS, Chandrakauns
SNdMgr, Chandrakauns
SNdMgR, Chandrakauns
SNdMgg, Chandrakauns
SNdMgG, Chandrakauns
SNdMgM, Chandrakauns
SNdMgm, Chandrakauns
SNdMgP, Chandrakauns
SNdMgd, Chandrakauns
SNdMgD, Chandrakauns
SNdMgn, Chandrakauns
SNdMgN, Chandrakauns
SNdPMS, Bhairav
SNdPMr, Bhairav
SNdPMR, Bhairav
SNdPMg, Bhairav
SNdPMG, Bhairav
SNdPMM, Bhairav
SNdPMm, Bhairav
SNdPMP, Bhairav
SNdPMd, Bhairav
SNdPMD, Bhairav
SNdPMn, Bhairav
SNdPMN, Bhairav
SNDMGS, Hindol
SNDMGr, Hindol
SNDMGR, Hindol
SNDMGg, Hindol
SNDMGG, Hindol
SNDMGM, Hindol
SNDMGm, Hindol
SNDMGP, Hindol
SNDMGd, Hindol
SNDMGD, Hindol
SNDMGn, Hindol
SNDMGN, Hindol
SNDMPS, Bageshri
SNDMPr, Bageshri
SNDMPR, Bageshri
SNDMPg, Bageshri
SNDMPG, Bageshri
SNDMPM, Bageshri
SNDMPm, Bageshri
SNDMPP, Bageshri
SNDMPd, Bageshri
SNDMPD, Bageshri
SNDMPn, Bageshri
SNDMPN, Bageshri
SNDmGS, Marwa
SNDmGr, Marwa
SNDmGR, Marwa
SNDmGg, Marwa
SNDmGG, Marwa
SNDmGM, Marwa
SNDmGm, Marwa
SNDmGP, Marwa
SNDmGd, Marwa
SNDmGD, Marwa
SNDmGn, Marwa
SNDmGN, Marwa
SNDPMR, Kedar
SNDPmS, Yaman/Pooriya Kalyan/Maru Bihag/Bihag/Todi/Kedar
SNDPmr, Pooriya Kalyan
SNDPmR, Yaman/Pooriya Kalyan/Maru Bihag/Bihag/Todi/Kedar
SNDPmg, Todi
SNDPmG, Yaman/Pooriya Kalyan/Maru Bihag
SNDPmM, Yaman/Pooriya Kalyan/Maru Bihag/Bihag/Todi/Kedar
SNDPmm, Yaman/Pooriya Kalyan/Maru Bihag/Bihag/Todi/Kedar
SNDPmP, Bihag/Kedar
SNDPmd, Yaman/Pooriya Kalyan/Maru Bihag/Bihag/Todi/Kedar
SNDPmD, Yaman/Pooriya Kalyan
SNDPmn, Yaman/Pooriya Kalyan/Maru Bihag/Bihag/Todi/Kedar
SNDPmN, Yaman/Pooriya Kalyan/Maru Bihag/Bihag/Todi/Kedar
rSrgMP, Bhairavi
rSrgmP, Todi
rSrGMP, Ahir-Bhairav/Bhairav
rSRgMP, Asavari/Darbari Kanada/Kafi
rSRGRS, Bhoopali
rSRGPD, Bhoopali/Deshkar
rSRGPN, Hamsadhwani
rSRMPd, Jaunpuri
rSRMPD, Durga/Jhinjoti
rSRMPN, Des/Sarang
rSRmPD, Saraswati
rSgMPn, Bhimpalasi/Dhani
rSgMdn, Malkauns
rSgMdN, Chandrakauns
rSgMDn, Bageshri
rSGMPn, Jog
rSGMPN, Bihag
rSGmPN, Maru Bihag
rSGmDN, Hindol
rSMGPm, Kedar
rSdnPM, Darbari Kanada
rSDPGR, Bhoopali
rSDPMR, Durga
rSDPDG, Deshkar
rSnPMR, Sarang
rSnPMg, Dhani
rSnPMG, Jog
rSndMg, Malkauns
rSndPM, Bhairavi
rSnDPM, Ahir-Bhairav
rSnDPm, Saraswati
rSNPGR, Hamsadhwani
rSNdMg, Chandrakauns
rSNdPM, Bhairav
rSNDMG, Hindol
rSNDMP, Bageshri
rSNDmG, Marwa
rSNDPm, Pooriya Kalyan/Todi
rrgMPd, Bhairavi
rrgmPd, Todi
rrGMPd, Bhairav
rrGMPD, Ahir-Bhairav
rrGmDN, Pooriya Kalyan/Marwa
rRSRGR, Bhoopali
rRgMPd, Asavari/Darbari Kanada
rRgMPD, Kafi
rRGmDN, Yaman
rRGPDS, Bhoopali/Deshkar
rRGPNS, Hamsadhwani
rRMPdn, Jaunpuri
rRMPDS, Durga/Jhinjoti
rRMPNS, Des/Sarang
rRmPDS, Saraswati
rgMgRS, Bageshri
rgMPdS, Bhairavi
rgMPdr, Bhairavi
rgMPdR, Bhairavi
rgMPdg, Bhairavi
rgMPdG, Bhairavi
rgMPdM, Bhairavi
rgMPdm, Bhairavi
rgMPdP, Bhairavi
rgMPdd, Bhairavi
rgMPdD, Bhairavi
rgMPdn, Bhairavi
rgMPdN, Bhairavi
rgMPDn, Kafi
rgMPnS, Bhimpalasi/Dhani
rgMdnS, Malkauns
rgMdNS, Chandrakauns
rgMDnS, Bageshri
rgmPdS, Todi
rgmPdr, Todi
rgmPdR, Todi
rgmPdg, Todi
rgmPdG, Todi
rgmPdM, Todi
rgmPdm, Todi
rgmPdP, Todi
rgmPdd, Todi
rgmPdD, Todi
rgmPdn, Todi
rgmPdN, Todi
rGRGNS, Des
rGMGRS, Bihag
rGMPdS, Bhairav
rGMPdr, Bhairav
rGMPdR, Bhairav
rGMPdg, Bhairav
rGMPdG, Bhairav
rGMPdM, Bhairav
rGMPdm, Bhairav
rGMPdP, Bhairav
rGMPdd, Bhairav
rGMPdD, Bhairav
rGMPdn, Bhairav
rGMPdN, Bhairav
rGMPDS, Ahir-Bhairav
rGMPDr, Ahir-Bhairav
rGMPDR, Ahir-Bhairav
rGMPDg, Ahir-Bhairav
rGMPDG, Ahir-Bhairav
rGMPDM, Ahir-Bhairav
rGMPDm, Ahir-Bhairav
rGMPDP, Ahir-Bhairav
rGMPDd, Ahir-Bhairav
rGMPDD, Ahir-Bhairav
rGMPDn, Ahir-Bhairav
rGMPDN, Ahir-Bhairav
rGMPnS, Jog
rGMPNS, Bihag
rGmrGm, Pooriya Kalyan
rGmGRS, Maru Bihag
rGmPNS, Maru Bihag
rGmDNS, Pooriya Kalyan/Marwa
rGmDNr, Pooriya Kalyan/Marwa
rGmDNR, Pooriya Kalyan/Marwa
rGmDNg, Pooriya Kalyan/Marwa
rGmDNG, Pooriya Kalyan/Marwa
rGmDNM, Pooriya Kalyan/Marwa
rGmDNm, Pooriya Kalyan/Marwa
rGmDNP, Pooriya Kalyan/Marwa
rGmDNd, Pooriya Kalyan/Marwa
rGmDND, Pooriya Kalyan/Marwa
rGmDNn, Pooriya Kalyan/Marwa
rGmDNN, Pooriya Kalyan/Marwa
rGPGRS, Deshkar
rGPmPD, Kedar
rMGRGS, Jhinjoti
rMGRGN, Des
rMGMgS, Jog
rMGmGS, Hindol
rMGPmP, Kedar
rMPgMR, Darbari Kanada
rMPdnS, Jaunpuri/Asavari/Darbari Kanada/Bhairavi
rMPdNS, Bhairav
rMPDgM, Bageshri
rMPDnS, Ahir-Bhairav/Kafi
rmGmGR, Maru Bihag
rmPGMG, Bihag
rmPdNS, Todi
rmPDPM, Kedar
rmPDNS, Kedar
rPRGRS, Bhoopali
rPgMRS, Darbari Kanada
rPGMGR, Bihag
rPMgrS, Bhairavi
rPMgRS, Bhimpalasi/Jaunpuri/Asavari/Kafi
rPMGrS, Ahir-Bhairav/Bhairav
rPMGRG, Des/Jhinjoti
rPMGMg, Jog
rPMPgM, Darbari Kanada
rPmgrS, Todi
rPmGrS, Pooriya Kalyan
rPmGRS, Yaman
rPmGmG, Maru Bihag
rPmPGM, Bihag
rPmPDP, Kedar
rPmPDN, Kedar
rPDgMg, Bageshri
rPDGPG, Deshkar
rPDPMR, Kedar
rPnSgM, Dhani
rdPMgr, Bhairavi
rdPMgR, Jaunpuri/Asavari
rdPMGr, Bhairav
rdnPMP, Darbari Kanada
rDRSRG, Bhoopali
rDgMgR, Bageshri
rDGPGR, Deshkar
rDMGmG, Hindol
rDMPDg, Bageshri
rDmGrS, Marwa
rDPGRS, Bhoopali
rDPMRS, Durga/Kedar
rDPMgR, Bhimpalasi/Kafi
rDPMGr, Ahir-Bhairav
rDPMGR, Des/Jhinjoti
rDPmRS, Saraswati
rDPmgr, Todi
rDPmGr, Pooriya Kalyan
rDPmGR, Yaman
rDPmGm, Maru Bihag
rDPmPG, Bihag
rDPmPD, Kedar
rDPDGP, Deshkar
rnSgMP, Bhimpalasi/Dhani
rnPMRS, Sarang
rnPMgS, Dhani
rnPMGM, Jog
rnPMPg, Darbari Kanada
rndMgS, Malkauns
rndPMg, Jaunpuri/Asavari/Bhairavi
rnDPMg, Bhimpalasi/Kafi
rnDPMG, Des/Ahir-Bhairav/Jhinjoti
rnDPmR, Saraswati
rNSRMP, Des
rNSGMP, Bihag
rNrGmD, Pooriya Kalyan/Marwa
rNRGmD, Yaman
rNPGRS, Hamsadhwani
rNdMgS, Chandrakauns
rNdPMG, Bhairav
rNDMGm, Hindol
rNDMPD, Bageshri
rNDmGr, Marwa
rNDPmg, Todi
rNDPmG, Yaman/Pooriya Kalyan/Maru Bihag
rNDPmP, Bihag/Kedar
RSrgMP, Bhairavi
RSrgmP, Todi
RSrGMP, Ahir-Bhairav/Bhairav
RSRgMP, Asavari/Darbari Kanada/Kafi
RSRGRS, Bhoopali
RSRGRr, Bhoopali
RSRGRR, Bhoopali
RSRGRg, Bhoopali
RSRGRG, Bhoopali
RSRGRM, Bhoopali
RSRGRm, Bhoopali
RSRGRP, Bhoopali
RSRGRd, Bhoopali
RSRGRD, Bhoopali
RSRGRn, Bhoopali
RSRGRN, Bhoopali
RSRGPR, Bhoopali
RSRGPG, Bhoopali
RSRGPD, Bhoopali
RSRGPN, Hamsadhwani
RSRMPd, Jaunpuri
RSRMPD, Durga
RSRMPN, Sarang
RSRmPD, Saraswati
RSgMPn, Bhimpalasi
RSgMdn, Malkauns
RSgMdN, Chandrakauns
RSgMDn, Bageshri
RSGMPn, Jog
RSGMPN, Bihag
RSGmPN, Maru Bihag
RSGmDN, Hindol
RSMGPm, Kedar
RSdnPM, Darbari Kanada
RSDPGR, Bhoopali
RSDPMR, Durga
RSDPDG, Deshkar
RSnPMR, Sarang
RSnPMg, Dhani
RSnPMG, Jog
RSndMg, Malkauns
RSndPM, Jaunpuri/Asavari
RSnDPM, Bhimpalasi/Kafi
RSnDPm, Saraswati
RSNPGR, Hamsadhwani
RSNdMg, Chandrakauns
RSNdPM, Bhairav
RSNDMG, Hindol
RSNDMP, Bageshri
RSNDmG, Marwa
RSNDPm, Yaman/Maru Bihag/Bihag/Kedar
RrgMPd, Bhairavi
RrgmPd, Todi
RrGMPd, Bhairav
RrGMPD, Ahir-Bhairav
RrGmDN, Pooriya Kalyan/Marwa
RRSRGR, Bhoopali
RRgMPd, Asavari/Darbari Kanada
RRgMPD, Kafi
RRGmDN, Yaman
RRGPDS, Bhoopali/Deshkar
RRGPNS, Hamsadhwani
RRMPdn, Jaunpuri
RRMPDS, Durga/Jhinjoti
RRMPNS, Des/Sarang
RRmPDS, Saraswati
RgMgRS, Bageshri
RgMPgM, Darbari Kanada
RgMPdS, Asavari/Darbari Kanada
RgMPdr, Asavari/Darbari Kanada
RgMPdR, Asavari/Darbari Kanada
RgMPdg, Asavari/Darbari Kanada
RgMPdG, Asavari/Darbari Kanada
RgMPdM, Asavari/Darbari Kanada
RgMPdm, Asavari/Darbari Kanada
RgMPdP, Asavari
RgMPdd, Asavari/Darbari Kanada
RgMPdD, Asavari/Darbari Kanada
RgMPdn, Asavari/Darbari Kanada
RgMPdN, Asavari/Darbari Kanada
RgMPDS, Kafi
RgMPDr, Kafi
RgMPDR, Kafi
RgMPDg, Kafi
RgMPDG, Kafi
RgMPDM, Kafi
RgMPDm, Kafi
RgMPDP, Kafi
RgMPDd, Kafi
RgMPDD, Kafi
RgMPDn, Kafi
RgMPDN, Kafi
RgMPnS, Bhimpalasi/Dhani
RgMdnS, Malkauns
RgMdNS, Chandrakauns
RgMDnS, Bageshri
RgmPdN, Todi
RGRSRG, Bhoopali
RGRGNS, Des
RGMGRS, Bihag
RGMPdN, Bhairav
RGMPDn, Ahir-Bhairav
RGMPnS, Jog
RGMPNS, Bihag
RGmGRS, Maru Bihag
RGmPNS, Maru Bihag
RGmDNS, Yaman
RGmDNr, Yaman
RGmDNR, Yaman
RGmDNg, Yaman
RGmDNG, Yaman
RGmDNM, Yaman
RGmDNm, Yaman
RGmDNP, Yaman
RGmDNd, Yaman
RGmDND, Yaman
RGmDNn, Yaman
RGmDNN, Yaman
RGPGRS, Deshkar
RGPmPD, Kedar
RGPDSS, Bhoopali/Deshkar
RGPDSr, Bhoopali/Deshkar
RGPDSR, Bhoopali/Deshkar
RGPDSg, Bhoopali/Deshkar
RGPDSG, Bhoopali/Deshkar
RGPDSM, Bhoopali/Deshkar
RGPDSm, Bhoopali/Deshkar
RGPDSP, Bhoopali/Deshkar
RGPDSd, Bhoopali/Deshkar
RGPDSD, Bhoopali/Deshkar
RGPDSn, Bhoopali/Deshkar
RGPDSN, Bhoopali/Deshkar
RGPDGP, Deshkar
RGPNSS, Hamsadhwani
RGPNSr, Hamsadhwani
RGPNSR, Hamsadhwani
RGPNSg, Hamsadhwani
RGPNSG, Hamsadhwani
RGPNSM, Hamsadhwani
RGPNSm, Hamsadhwani
RGPNSP, Hamsadhwani
RGPNSd, Hamsadhwani
RGPNSD, Hamsadhwani
RGPNSn, Hamsadhwani
RGPNSN, Hamsadhwani
RGNSRM, Des
RMGRGS, Jhinjoti
RMGRGN, Des
RMGMgS, Jog
RMGmGS, Hindol
RMGPmP, Kedar
RMPgMR, Darbari Kanada
RMPdnS, Jaunpuri
RMPdnr, Jaunpuri
RMPdnR, Jaunpuri
RMPdng, Jaunpuri
RMPdnG, Jaunpuri
RMPdnM, Jaunpuri
RMPdnm, Jaunpuri
RMPdnP, Jaunpuri
RMPdnd, Jaunpuri
RMPdnD, Jaunpuri
RMPdnn, Jaunpuri
RMPdnN, Jaunpuri
RMPdNS, Bhairav
RMPDSS, Durga/Jhinjoti
RMPDSr, Durga/Jhinjoti
RMPDSR, Durga/Jhinjoti
RMPDSg, Durga/Jhinjoti
RMPDSG, Durga/Jhinjoti
RMPDSM, Durga/Jhinjoti
RMPDSm, Durga/Jhinjoti
RMPDSP, Durga/Jhinjoti
RMPDSd, Durga/Jhinjoti
RMPDSD, Durga
RMPDSn, Jhinjoti
RMPDSN, Durga/Jhinjoti
RMPDgM, Bageshri
RMPDnS, Ahir-Bhairav/Kafi
RMPNSS, Des/Sarang
RMPNSr, Des/Sarang
RMPNSR, Des
RMPNSg, Des/Sarang
RMPNSG, Des/Sarang
RMPNSM, Des/Sarang
RMPNSm, Des/Sarang
RMPNSP, Des/Sarang
RMPNSd, Des/Sarang
RMPNSD, Des/Sarang
RMPNSn, Des/Sarang
RMPNSN, Des/Sarang
RmGmGR, Maru Bihag
RmPGMG, Bihag
RmPdNS, Todi
RmPDSS, Saraswati
RmPDSr, Saraswati
RmPDSR, Saraswati
RmPDSg, Saraswati
RmPDSG, Saraswati
RmPDSM, Saraswati
RmPDSm, Saraswati
RmPDSP, Saraswati
RmPDSd, Saraswati
RmPDSD, Saraswati
RmPDSn, Saraswati
RmPDSN, Saraswati
RmPDPM, Kedar
RmPDNS, Kedar
RPRGRS, Bhoopali
RPgMRS, Darbari Kanada
RPGMGR, Bihag
RPMgrS, Bhairavi
RPMgRS, Bhimpalasi/Jaunpuri/Asavari/Kafi
RPMGrS, Ahir-Bhairav/Bhairav
RPMGRG, Des/Jhinjoti
RPMGMg, Jog
RPMPgM, Darbari Kanada
RPmgrS, Todi
RPmGrS, Pooriya Kalyan
RPmGRS, Yaman
RPmGmG, Maru Bihag
RPmPGM, Bihag
RPmPDP, Kedar
RPmPDN, Kedar
RPDgMg, Bageshri
RPDGPG, Deshkar
RPDPMR, Kedar
RPnSgM, Dhani
RdPMgr, Bhairavi
RdPMgR, Jaunpuri/Asavari
RdPMGr, Bhairav
RdnPMP, Darbari Kanada
RDRSRG, Bhoopali
RDgMgR, Bageshri
RDGPGR, Deshkar
RDMGmG, Hindol
RDMPDg, Bageshri
RDmGrS, Marwa
RDPGRS, Bhoopali
RDPMRS, Durga/Kedar
RDPMgR, Bhimpalasi/Kafi
RDPMGr, Ahir-Bhairav
RDPMGR, Des/Jhinjoti
RDPmRS, Saraswati
RDPmgr, Todi
RDPmGr, Pooriya Kalyan
RDPmGR, Yaman
RDPmGm, Maru Bihag
RDPmPG, Bihag
RDPmPD, Kedar
RDPDGP, Deshkar
RnSgMP, Bhimpalasi/Dhani
RnPMRS, Sarang
RnPMgS, Dhani
RnPMGM, Jog
RnPMPg, Darbari Kanada
RndMgS, Malkauns
RndPMg, Jaunpuri/Asavari/Bhairavi
RnDPMg, Bhimpalasi/Kafi
RnDPMG, Des/Ahir-Bhairav/Jhinjoti
RnDPmR, Saraswati
RNSRMP, Des
RNSGMP, Bihag
RNrGmD, Pooriya Kalyan/Marwa
RNRGmD, Yaman
RNPGRS, Hamsadhwani
RNdMgS, Chandrakauns
RNdPMG, Bhairav
RNDMGm, Hindol
RNDMPD, Bageshri
RNDmGr, Marwa
RNDPmg, Todi
RNDPmG, Yaman/Pooriya Kalyan/Maru Bihag
RNDPmP, Bihag/Kedar
gSrgMP, Bhairavi
gSrgmP, Todi
gSrGMP, Ahir-Bhairav/Bhairav
gSRgMP, Asavari/Darbari Kanada/Kafi
gSRGRS, Bhoopali
gSRGPD, Bhoopali/Deshkar
gSRGPN, Hamsadhwani
gSRMPd, Jaunpuri
gSRMPD, Durga/Jhinjoti
gSRMPN, Des/Sarang
gSRmPD, Saraswati
gSgMPn, Dhani
gSgMdn, Malkauns
gSgMdN, Chandrakauns
gSgMDn, Bageshri
gSGMPn, Jog
gSGMPN, Bihag
gSGmPN, Maru Bihag
gSGmDN, Hindol
gSMGPm, Kedar
gSdnPM, Darbari Kanada
gSDPGR, Bhoopali
gSDPMR, Durga
gSDPDG, Deshkar
gSnPMR, Sarang
gSnPMg, Dhani
gSnPMG, Jog
gSndMg, Malkauns
gSndPM, Jaunpuri/Asavari/Bhairavi
gSnDPM, Bhimpalasi/Des/Ahir-Bhairav/Jhinjoti/Kafi
gSnDPm, Saraswati
gSNPGR, Hamsadhwani
gSNdMg, Chandrakauns
gSNdPM, Bhairav
gSNDMG, Hindol
gSNDMP, Bageshri
gSNDmG, Marwa
gSNDPm, Yaman/Pooriya Kalyan/Maru Bihag/Bihag/Todi/Kedar
grgMPd, Bhairavi
grgmPd, Todi
grGMPd, Bhairav
grGMPD, Ahir-Bhairav
grGmDN, Pooriya Kalyan/Marwa
gRSRGR, Bhoopali
gRgMPd, Asavari
gRgMPD, Kafi
gRGmDN, Yaman
gRGPDS, Bhoopali/Deshkar
gRGPNS, Hamsadhwani
gRMPdn, Jaunpuri
gRMPDS, Durga/Jhinjoti
gRMPNS, Des/Sarang
gRmPDS, Saraswati
ggMgRS, Bageshri
ggMPdn, Asavari/Darbari Kanada/Bhairavi
ggMPDn, Kafi
ggMPnS, Bhimpalasi/Dhani
ggMdnS, Malkauns
ggMdNS, Chandrakauns
ggMDnS, Bageshri
ggmPdN, Todi
gGRGNS, Des
gGMGRS, Bihag
gGMPdN, Bhairav
gGMPDn, Ahir-Bhairav
gGMPnS, Jog
gGMPNS, Bihag
gGmGRS, Maru Bihag
gGmPNS, Maru Bihag
gGmDNS, Hindol/Yaman/Pooriya Kalyan/Marwa
gGPGRS, Deshkar
gGPmPD, Kedar
gMgRSS, Bageshri
gMgRSr, Bageshri
gMgRSR, Bageshri
gMgRSg, Bageshri
gMgRSG, Bageshri
gMgRSM, Bageshri
gMgRSm, Bageshri
gMgRSP, Bageshri
gMgRSd, Bageshri
gMgRSD, Bageshri
gMgRSn, Bageshri
gMgRSN, Bageshri
gMGRGS, Jhinjoti
gMGRGN, Des
gMGMgS, Jog
gMGmGS, Hindol
gMGPmP, Kedar
gMPgMR, Darbari Kanada
gMPgMP, Darbari Kanada
gMPdnS, Asavari/Darbari Kanada/Bhairavi
gMPdnr, Asavari/Darbari Kanada/Bhairavi
gMPdnR, Asavari/Darbari Kanada/Bhairavi
gMPdng, Asavari/Darbari Kanada/Bhairavi
gMPdnG, Asavari/Darbari Kanada/Bhairavi
gMPdnM, Asavari/Darbari Kanada/Bhairavi
gMPdnm, Asavari/Darbari Kanada/Bhairavi
gMPdnP, Darbari Kanada
gMPdnd, Asavari/Bhairavi
gMPdnD, Asavari/Darbari Kanada/Bhairavi
gMPdnn, Asavari/Darbari Kanada/Bhairavi
gMPdnN, Asavari/Darbari Kanada/Bhairavi
gMPdNS, Bhairav
gMPDgM, Bageshri
gMPDnS, Kafi
gMPDnr, Kafi
gMPDnR, Kafi
gMPDng, Kafi
gMPDnG, Kafi
gMPDnM, Kafi
gMPDnm, Kafi
gMPDnP, Kafi
gMPDnd, Kafi
gMPDnD, Kafi
gMPDnn, Kafi
gMPDnN, Kafi
gMPnSS, Bhimpalasi/Dhani
gMPnSr, Bhimpalasi/Dhani
gMPnSR, Bhimpalasi/Dhani
gMPnSg, Dhani
gMPnSG, Bhimpalasi/Dhani
gMPnSM, Bhimpalasi/Dhani
gMPnSm, Bhimpalasi/Dhani
gMPnSP, Bhimpalasi/Dhani
gMPnSd, Bhimpalasi/Dhani
gMPnSD, Bhimpalasi/Dhani
gMPnSn, Bhimpalasi/Dhani
gMPnSN, Bhimpalasi/Dhani
gMdnSS, Malkauns
gMdnSr, Malkauns
gMdnSR, Malkauns
gMdnSg, Malkauns
gMdnSG, Malkauns
gMdnSM, Malkauns
gMdnSm, Malkauns
gMdnSP, Malkauns
gMdnSd, Malkauns
gMdnSD, Malkauns
gMdnSn, Malkauns
gMdnSN, Malkauns
gMdNSS, Chandrakauns
gMdNSr, Chandrakauns
gMdNSR, Chandrakauns
gMdNSg, Chandrakauns
gMdNSG, Chandrakauns
gMdNSM, Chandrakauns
gMdNSm, Chandrakauns
gMdNSP, Chandrakauns
gMdNSd, Chandrakauns
gMdNSD, Chandrakauns
gMdNSn, Chandrakauns
gMdNSN, Chandrakauns
gMDnSS, Bageshri
gMDnSr, Bageshri
gMDnSR, Bageshri
gMDnSg, Bageshri
gMDnSG, Bageshri
gMDnSM, Bageshri
gMDnSm, Bageshri
gMDnSP, Bageshri
gMDnSd, Bageshri
gMDnSD, Bageshri
gMDnSn, Bageshri
gMDnSN, Bageshri
gmGmGR, Maru Bihag
gmPGMG, Bihag
gmPdNS, Todi
gmPdNr, Todi
gmPdNR, Todi
gmPdNg, Todi
gmPdNG, Todi
gmPdNM, Todi
gmPdNm, Todi
gmPdNP, Todi
gmPdNd, Todi
gmPdND, Todi
gmPdNn, Todi
gmPdNN, Todi
gmPDPM, Kedar
gmPDNS, Kedar
gPRGRS, Bhoopali
gPgMRS, Darbari Kanada
gPGMGR, Bihag
gPMgrS, Bhairavi
gPMgRS, Bhimpalasi/Jaunpuri/Asavari/Kafi
gPMGrS, Ahir-Bhairav/Bhairav
gPMGRG, Des/Jhinjoti
gPMGMg, Jog
gPMPgM, Darbari Kanada
gPmgrS, Todi
gPmGrS, Pooriya Kalyan
gPmGRS, Yaman
gPmGmG, Maru Bihag
gPmPGM, Bihag
gPmPDP, Kedar
gPmPDN, Kedar
gPDgMg, Bageshri
gPDGPG, Deshkar
gPDPMR, Kedar
gPnSgM, Dhani
gdPMgr, Bhairavi
gdPMgR, Jaunpuri/Asavari
gdPMGr, Bhairav
gdnPMP, Darbari Kanada
gDRSRG, Bhoopali
gDgMgR, Bageshri
gDGPGR, Deshkar
gDMGmG, Hindol
gDMPDg, Bageshri
gDmGrS, Marwa
gDPGRS, Bhoopali
gDPMRS, Durga/Kedar
gDPMgR, Bhimpalasi/Kafi
gDPMGr, Ahir-Bhairav
gDPMGR, Des/Jhinjoti
gDPmRS, Saraswati
gDPmgr, Todi
gDPmGr, Pooriya Kalyan
gDPmGR, Yaman
gDPmGm, Maru Bihag
gDPmPG, Bihag
gDPmPD, Kedar
gDPDGP, Deshkar
gnSgMP, Bhimpalasi/Dhani
gnPMRS, Sarang
gnPMgS, Dhani
gnPMGM, Jog
gnPMPg, Darbari Kanada
gndMgS, Malkauns
gndPMg, Jaunpuri/Asavari/Bhairavi
gnDPMg, Bhimpalasi/Kafi
gnDPMG, Des/Ahir-Bhairav/Jhinjoti
gnDPmR, Saraswati
gNSRMP, Des
gNSGMP, Bihag
gNrGmD, Pooriya Kalyan/Marwa
gNRGmD, Yaman
gNPGRS, Hamsadhwani
gNdMgS, Chandrakauns
gNdPMG, Bhairav
gNDMGm, Hindol
gNDMPD, Bageshri
gNDmGr, Marwa
gNDPmg, Todi
gNDPmG, Yaman/Pooriya Kalyan/Maru Bihag
gNDPmP, Bihag/Kedar
GSrgMP, Bhairavi
GSrgmP, Todi
GSrGMP, Ahir-Bhairav/Bhairav
GSRgMP, Asavari/Darbari Kanada/Kafi
GSRGRS, Bhoopali
GSRGPD, Bhoopali/Deshkar
GSRGPN, Hamsadhwani
GSRMPd, Jaunpuri
GSRMPD, Jhinjoti
GSRMPN, Des/Sarang
GSRmPD, Saraswati
GSgMPn, Bhimpalasi/Dhani
GSgMdn, Malkauns
GSgMdN, Chandrakauns
GSgMDn, Bageshri
GSGMPn, Jog
GSGMPN, Bihag
GSGmPN, Maru Bihag
GSGmDN, Hindol
GSMGPm, Kedar
GSdnPM, Darbari Kanada
GSDPGR, Bhoopali
GSDPMR, Durga
GSDPDG, Deshkar
GSnPMR, Sarang
GSnPMg, Dhani
GSnPMG, Jog
GSndMg, Malkauns
GSndPM, Jaunpuri/Asavari/Bhairavi
GSnDPM, Jhinjoti
GSnDPm, Saraswati
GSNPGR, Hamsadhwani
GSNdMg, Chandrakauns
GSNdPM, Bhairav
GSNDMG, Hindol
GSNDMP, Bageshri
GSNDmG, Marwa
GSNDPm, Yaman/Pooriya Kalyan/Maru Bihag/Bihag/Todi/Kedar
GrgMPd, Bhairavi
GrgmPd, Todi
GrGMPd, Bhairav
GrGMPD, Ahir-Bhairav
GrGmDN, Pooriya Kalyan/Marwa
GRSRGR, Bhoopali
GRSRGP, Bhoopali
GRgMPd, Asavari/Darbari Kanada
GRgMPD, Kafi
GRGmDN, Yaman
GRGPDS, Bhoopali/Deshkar
GRGPNS, Hamsadhwani
GRGNSS, Des
GRGNSr, Des
GRGNSR, Des
GRGNSg, Des
GRGNSG, Des
GRGNSM, Des
GRGNSm, Des
GRGNSP, Des
GRGNSd, Des
GRGNSD, Des
GRGNSn, Des
GRGNSN, Des
GRMPdn, Jaunpuri
GRMPDS, Jhinjoti
GRMPNS, Des
GRmPDS, Saraswati
GgMgRS, Bageshri
GgMPdn, Asavari/Darbari Kanada/Bhairavi
GgMPDn, Kafi
GgMPnS, Bhimpalasi/Dhani
GgMdnS, Malkauns
GgMdNS, Chandrakauns
GgMDnS, Bageshri
GgmPdN, Todi
GGRGNS, Des
GGMGRS, Bihag
GGMPdN, Bhairav
GGMPDn, Ahir-Bhairav
GGMPnS, Jog
GGMPNS, Bihag
GGmGRS, Maru Bihag
GGmPNS, Maru Bihag
GGmDNS, Hindol/Yaman/Pooriya Kalyan/Marwa
GGPGRS, Deshkar
GGPmPD, Kedar
GMGRSS, Bihag
GMGRSr, Bihag
GMGRSR, Bihag
GMGRSg, Bihag
GMGRSG, Bihag
GMGRSM, Bihag
GMGRSm, Bihag
GMGRSP, Bihag
GMGRSd, Bihag
GMGRSD, Bihag
GMGRSn, Bihag
GMGRSN, Bihag
GMGRGS, Jhinjoti
GMGRGN, Des
GMGMgS, Jog
GMGmGS, Hindol
GMGPmP, Kedar
GMPgMR, Darbari Kanada
GMPdnS, Jaunpuri/Asavari/Darbari Kanada/Bhairavi
GMPdNS, Bhairav
GMPdNr, Bhairav
GMPdNR, Bhairav
GMPdNg, Bhairav
GMPdNG, Bhairav
GMPdNM, Bhairav
GMPdNm, Bhairav
GMPdNP, Bhairav
GMPdNd, Bhairav
GMPdND, Bhairav
GMPdNn, Bhairav
GMPdNN, Bhairav
GMPDgM, Bageshri
GMPDnS, Ahir-Bhairav
GMPDnr, Ahir-Bhairav
GMPDnR, Ahir-Bhairav
GMPDng, Ahir-Bhairav
GMPDnG, Ahir-Bhairav
GMPDnM, Ahir-Bhairav
GMPDnm, Ahir-Bhairav
GMPDnP, Ahir-Bhairav
GMPDnd, Ahir-Bhairav
GMPDnD, Ahir-Bhairav
GMPDnn, Ahir-Bhairav
GMPDnN, Ahir-Bhairav
GMPnSS, Jog
GMPnSr, Jog
GMPnSR, Jog
GMPnSg, Jog
GMPnSG, Jog
GMPnSM, Jog
GMPnSm, Jog
GMPnSP, Jog
GMPnSd, Jog
GMPnSD, Jog
GMPnSn, Jog
GMPnSN, Jog
GMPNSS, Bihag
GMPNSr, Bihag
GMPNSR, Bihag
GMPNSg, Bihag
GMPNSG, Bihag
GMPNSM, Bihag
GMPNSm, Bihag
GMPNSP, Bihag
GMPNSd, Bihag
GMPNSD, Bihag
GMPNSn, Bihag
GMPNSN, Bihag
GmrGmr, Pooriya Kalyan
GmrGmD, Pooriya Kalyan
GmGRSS, Maru Bihag
GmGRSr, Maru Bihag
GmGRSR, Maru Bihag
GmGRSg, Maru Bihag
GmGRSG, Maru Bihag
GmGRSM, Maru Bihag
GmGRSm, Maru Bihag
GmGRSP, Maru Bihag
GmGRSd, Maru Bihag
GmGRSD, Maru Bihag
GmGRSn, Maru Bihag
GmGRSN, Maru Bihag
GmGmGR, Maru Bihag
GmGmGm, Maru Bihag
GmGmPN, Maru Bihag
GmPGMG, Bihag
GmPdNS, Todi
GmPDPM, Kedar
GmPDNS, Kedar
GmPNSS, Maru Bihag
GmPNSr, Maru Bihag
GmPNSR, Maru Bihag
GmPNSg, Maru Bihag
GmPNSG, Maru Bihag
GmPNSM, Maru Bihag
GmPNSm, Maru Bihag
GmPNSP, Maru Bihag
GmPNSd, Maru Bihag
GmPNSD, Maru Bihag
GmPNSn, Maru Bihag
GmPNSN, Maru Bihag
GmDNSS, Hindol/Yaman/Pooriya Kalyan/Marwa
GmDNSr, Hindol/Yaman/Pooriya Kalyan/Marwa
GmDNSR, Hindol/Yaman/Pooriya Kalyan/Marwa
GmDNSg, Hindol/Yaman/Pooriya Kalyan/Marwa
GmDNSG, Hindol
GmDNSM, Hindol/Yaman/Pooriya Kalyan/Marwa
GmDNSm, Hindol/Yaman/Pooriya Kalyan/Marwa
GmDNSP, Hindol/Yaman/Pooriya Kalyan/Marwa
GmDNSd, Hindol/Yaman/Pooriya Kalyan/Marwa
GmDNSD, Hindol/Yaman/Pooriya Kalyan/Marwa
GmDNSn, Hindol/Yaman/Pooriya Kalyan/Marwa
GmDNSN, Hindol/Yaman/Pooriya Kalyan/Marwa
GPRGRS, Bhoopali
GPgMRS, Darbari Kanada
GPGRSS, Deshkar
GPGRSr, Deshkar
GPGRSR, Deshkar
GPGRSg, Deshkar
GPGRSG, Deshkar
GPGRSM, Deshkar
GPGRSm, Deshkar
GPGRSP, Deshkar
GPGRSd, Deshkar
GPGRSD, Deshkar
GPGRSn, Deshkar
GPGRSN, Deshkar
GPGMGR, Bihag
GPMgrS, Bhairavi
GPMgRS, Bhimpalasi/Jaunpuri/Asavari/Kafi
GPMGrS, Ahir-Bhairav/Bhairav
GPMGRG, Des/Jhinjoti
GPMGMg, Jog
GPMPgM, Darbari Kanada
GPmgrS, Todi
GPmGrS, Pooriya Kalyan
GPmGRS, Yaman
GPmGmG, Maru Bihag
GPmPGM, Bihag
GPmPDS, Kedar
GPmPDr, Kedar
GPmPDR, Kedar
GPmPDg, Kedar
GPmPDG, Kedar
GPmPDM, Kedar
GPmPDm, Kedar
GPmPDP, Kedar
GPmPDd, Kedar
GPmPDD, Kedar
GPmPDn, Kedar
GPmPDN, Kedar
GPDgMg, Bageshri
GPDGPG, Deshkar
GPDGPD, Deshkar
GPDPMR, Kedar
GPnSgM, Dhani
GdPMgr, Bhairavi
GdPMgR, Jaunpuri/Asavari
GdPMGr, Bhairav
GdnPMP, Darbari Kanada
GDRSRG, Bhoopali
GDgMgR, Bageshri
GDGPGR, Deshkar
GDMGmG, Hindol
GDMPDg, Bageshri
GDmGrS, Marwa
GDPGRS, Bhoopali
GDPMRS, Durga/Kedar
GDPMgR, Bhimpalasi/Kafi
GDPMGr, Ahir-Bhairav
GDPMGR, Des/Jhinjoti
GDPmRS, Saraswati
GDPmgr, Todi
GDPmGr, Pooriya Kalyan
GDPmGR, Yaman
GDPmGm, Maru Bihag
GDPmPG, Bihag
GDPmPD, Kedar
GDPDGP, Deshkar
GnSgMP, Bhimpalasi/Dhani
GnPMRS, Sarang
GnPMgS, Dhani
GnPMGM, Jog
GnPMPg, Darbari Kanada
GndMgS, Malkauns
GndPMg, Jaunpuri/Asavari/Bhairavi
GnDPMg, Bhimpalasi/Kafi
GnDPMG, Des/Ahir-Bhairav/Jhinjoti
GnDPmR, Saraswati
GNSRMP, Des
GNSGMP, Bihag
GNrGmD, Pooriya Kalyan/Marwa
GNRGmD, Yaman
GNPGRS, Hamsadhwani
GNdMgS, Chandrakauns
GNdPMG, Bhairav
GNDMGm, Hindol
GNDMPD, Bageshri
GNDmGr, Marwa
GNDPmg, Todi
GNDPmG, Yaman/Pooriya Kalyan/Maru Bihag
GNDPmP, Bihag/Kedar
MSrgMP, Bhairavi
MSrgmP, Todi
MSrGMP, Ahir-Bhairav/Bhairav
MSRgMP, Asavari/Darbari Kanada/Kafi
MSRGRS, Bhoopali
MSRGPD, Bhoopali/Deshkar
MSRGPN, Hamsadhwani
MSRMPd, Jaunpuri
MSRMPD, Durga/Jhinjoti
MSRMPN, Des/Sarang
MSRmPD, Saraswati
MSgMPn, Bhimpalasi/Dhani
MSgMdn, Malkauns
MSgMdN, Chandrakauns
MSgMDn, Bageshri
MSGMPn, Jog
MSGMPN, Bihag
MSGmPN, Maru Bihag
MSGmDN, Hindol
MSMGPm, Kedar
MSdnPM, Darbari Kanada
MSDPGR, Bhoopali
MSDPMR, Durga
MSDPDG, Deshkar
MSnPMR, Sarang
MSnPMg, Dhani
MSnPMG, Jog
MSndMg, Malkauns
MSndPM, Jaunpuri/Asavari/Bhairavi
MSnDPM, Bhimpalasi/Des/Ahir-Bhairav/Jhinjoti/Kafi
MSnDPm, Saraswati
MSNPGR, Hamsadhwani
MSNdMg, Chandrakauns
MSNdPM, Bhairav
MSNDMG, Hindol
MSNDMP, Bageshri
MSNDmG, Marwa
MSNDPm, Yaman/Pooriya Kalyan/Maru Bihag/Bihag/Todi/Kedar
MrgMPd, Bhairavi
MrgmPd, Todi
MrGMPd, Bhairav
MrGMPD, Ahir-Bhairav
MrGmDN, Pooriya Kalyan/Marwa
MRSRGR, Bhoopali
MRgMPd, Darbari Kanada
MRgMPD, Kafi
MRGmDN, Yaman
MRGPDS, Bhoopali/Deshkar
MRGPNS, Hamsadhwani
MRMPdn, Jaunpuri
MRMPDS, Durga
MRMPNS, Sarang
MRmPDS, Saraswati
MgMgRS, Bageshri
MgMPdn, Asavari/Bhairavi
MgMPDn, Kafi
MgMPnS, Bhimpalasi/Dhani
MgMdnS, Malkauns
MgMdNS, Chandrakauns
MgMDnS, Bageshri
MgmPdN, Todi
MGRGSS, Jhinjoti
MGRGSr, Jhinjoti
MGRGSR, Jhinjoti
MGRGSg, Jhinjoti
MGRGSG, Jhinjoti
MGRGSM, Jhinjoti
MGRGSm, Jhinjoti
MGRGSP, Jhinjoti
MGRGSd, Jhinjoti
MGRGSD, Jhinjoti
MGRGSn, Jhinjoti
MGRGSN, Jhinjoti
MGRGNS, Des
MGRGNr, Des
MGRGNR, Des
MGRGNg, Des
MGRGNG, Des
MGRGNM, Des
MGRGNm, Des
MGRGNP, Des
MGRGNd, Des
MGRGND, Des
MGRGNn, Des
MGRGNN, Des
MGMgSS, Jog
MGMgSr, Jog
MGMgSR, Jog
MGMgSg, Jog
MGMgSG, Jog
MGMgSM, Jog
MGMgSm, Jog
MGMgSP, Jog
MGMgSd, Jog
MGMgSD, Jog
MGMgSn, Jog
MGMgSN, Jog
MGMGRS, Bihag
MGMPdN, Bhairav
MGMPDn, Ahir-Bhairav
MGMPnS, Jog
MGMPNS, Bihag
MGmGSS, Hindol
MGmGSr, Hindol
MGmGSR, Hindol
MGmGSg, Hindol
MGmGSG, Hindol
MGmGSM, Hindol
MGmGSm, Hindol
MGmGSP, Hindol
MGmGSd, Hindol
MGmGSD, Hindol
MGmGSn, Hindol
MGmGSN, Hindol
MGmGRS, Maru Bihag
MGmPNS, Maru Bihag
MGmDNS, Hindol
MGPGRS, Deshkar
MGPmPS, Kedar
MGPmPr, Kedar
MGPmPR, Kedar
MGPmPg, Kedar
MGPmPG, Kedar
MGPmPM, Kedar
MGPmPm, Kedar
MGPmPP, Kedar
MGPmPd, Kedar
MGPmPD, Kedar
MGPmPn, Kedar
MGPmPN, Kedar
MMGRGS, Jhinjoti
MMGRGN, Des
MMGMgS, Jog
MMGmGS, Hindol
MMGPmP, Kedar
MMPgMR, Darbari Kanada
MMPdnS, Jaunpuri/Asavari/Darbari Kanada/Bhairavi
MMPdNS, Bhairav
MMPDgM, Bageshri
MMPDnS, Ahir-Bhairav/Kafi
MmGmGR, Maru Bihag
MmPGMG, Bihag
MmPdNS, Todi
MmPDPM, Kedar
MmPDNS, Kedar
MPRGRS, Bhoopali
MPgMRS, Darbari Kanada
MPgMRr, Darbari Kanada
MPgMRR, Darbari Kanada
MPgMRg, Darbari Kanada
MPgMRG, Darbari Kanada
MPgMRM, Darbari Kanada
MPgMRm, Darbari Kanada
MPgMRP, Darbari Kanada
MPgMRd, Darbari Kanada
MPgMRD, Darbari Kanada
MPgMRn, Darbari Kanada
MPgMRN, Darbari Kanada
MPgMPg, Darbari Kanada
MPgMPd, Darbari Kanada
MPGMGR, Bihag
MPMgrS, Bhairavi
MPMgRS, Bhimpalasi/Jaunpuri/Asavari/Kafi
MPMGrS, Ahir-Bhairav/Bhairav
MPMGRG, Des/Jhinjoti
MPMGMg, Jog
MPMPgM, Darbari Kanada
MPmgrS, Todi
MPmGrS, Pooriya Kalyan
MPmGRS, Yaman
MPmGmG, Maru Bihag
MPmPGM, Bihag
MPmPDP, Kedar
MPmPDN, Kedar
MPdnSS, Jaunpuri/Asavari/Darbari Kanada/Bhairavi
MPdnSr, Bhairavi
MPdnSR, Jaunpuri/Asavari/Darbari Kanada
MPdnSg, Jaunpuri/Asavari/Darbari Kanada/Bhairavi
MPdnSG, Jaunpuri/Asavari/Darbari Kanada/Bhairavi
MPdnSM, Jaunpuri/Asavari/Darbari Kanada/Bhairavi
MPdnSm, Jaunpuri/Asavari/Darbari Kanada/Bhairavi
MPdnSP, Jaunpuri/Asavari/Darbari Kanada/Bhairavi
MPdnSd, Darbari Kanada
MPdnSD, Jaunpuri/Asavari/Darbari Kanada/Bhairavi
MPdnSn, Jaunpuri/Asavari/Bhairavi
MPdnSN, Jaunpuri/Asavari/Darbari Kanada/Bhairavi
MPdnPM, Darbari Kanada
MPdNSS, Bhairav
MPdNSr, Bhairav
MPdNSR, Bhairav
MPdNSg, Bhairav
MPdNSG, Bhairav
MPdNSM, Bhairav
MPdNSm, Bhairav
MPdNSP, Bhairav
MPdNSd, Bhairav
MPdNSD, Bhairav
MPdNSn, Bhairav
MPdNSN, Bhairav
MPDgMS, Bageshri
MPDgMr, Bageshri
MPDgMR, Bageshri
MPDgMg, Bageshri
MPDgMG, Bageshri
MPDgMM, Bageshri
MPDgMm, Bageshri
MPDgMP, Bageshri
MPDgMd, Bageshri
MPDgMD, Bageshri
MPDgMn, Bageshri
MPDgMN, Bageshri
MPDGPG, Deshkar
MPDPMR, Kedar
MPDnSS, Ahir-Bhairav/Kafi
MPDnSr, Ahir-Bhairav
MPDnSR, Kafi
MPDnSg, Ahir-Bhairav/Kafi
MPDnSG, Ahir-Bhairav/Kafi
MPDnSM, Ahir-Bhairav/Kafi
MPDnSm, Ahir-Bhairav/Kafi
MPDnSP, Ahir-Bhairav/Kafi
MPDnSd, Ahir-Bhairav/Kafi
MPDnSD, Ahir-Bhairav/Kafi
MPDnSn, Ahir-Bhairav/Kafi
MPDnSN, Ahir-Bhairav/Kafi
MPnSgS, Dhani
MPnSgM, Dhani
MPNSRM, Des
MPNSGM, Bihag
MdPMgr, Bhairavi
MdPMgR, Jaunpuri/Asavari
MdPMGr, Bhairav
MdnPMP, Darbari Kanada
MDRSRG, Bhoopali
MDgMgR, Bageshri
MDGPGR, Deshkar
MDMGmG, Hindol
MDMPDg, Bageshri
MDmGrS, Marwa
MDPGRS, Bhoopali
MDPMRS, Durga/Kedar
MDPMgR, Bhimpalasi/Kafi
MDPMGr, Ahir-Bhairav
MDPMGR, Des/Jhinjoti
MDPmRS, Saraswati
MDPmgr, Todi
MDPmGr, Pooriya Kalyan
MDPmGR, Yaman
MDPmGm, Maru Bihag
MDPmPG, Bihag
MDPmPD, Kedar
MDPDGP, Deshkar
MnSgMP, Bhimpalasi/Dhani
MnPMRS, Sarang
MnPMgS, Dhani
MnPMGM, Jog
MnPMPg, Darbari Kanada
MndMgS, Malkauns
MndPMg, Jaunpuri/Asavari/Bhairavi
MnDPMg, Bhimpalasi/Kafi
MnDPMG, Des/Ahir-Bhairav/Jhinjoti
MnDPmR, Saraswati
MNSRMP, Des
MNSGMP, Bihag
MNrGmD, Pooriya Kalyan/Marwa
MNRGmD, Yaman
MNPGRS, Hamsadhwani
MNdMgS, Chandrakauns
MNdPMG, Bhairav
MNDMGm, Hindol
MNDMPD, Bageshri
MNDmGr, Marwa
MNDPmg, Todi
MNDPmG, Yaman/Pooriya Kalyan/Maru Bihag
MNDPmP, Bihag/Kedar
mSrgMP, Bhairavi
mSrgmP, Todi
mSrGMP, Ahir-Bhairav/Bhairav
mSRgMP, Asavari/Darbari Kanada/Kafi
mSRGRS, Bhoopali
mSRGPD, Bhoopali/Deshkar
mSRGPN, Hamsadhwani
mSRMPd, Jaunpuri
mSRMPD, Durga/Jhinjoti
mSRMPN, Des/Sarang
mSRmPD, Saraswati
mSgMPn, Bhimpalasi/Dhani
mSgMdn, Malkauns
mSgMdN, Chandrakauns
mSgMDn, Bageshri
mSGMPn, Jog
mSGMPN, Bihag
mSGmPN, Maru Bihag
mSGmDN, Hindol
mSMGPm, Kedar
mSdnPM, Darbari Kanada
mSDPGR, Bhoopali
mSDPMR, Durga
mSDPDG, Deshkar
mSnPMR, Sarang
mSnPMg, Dhani
mSnPMG, Jog
mSndMg, Malkauns
mSndPM, Jaunpuri/Asavari/Bhairavi
mSnDPM, Bhimpalasi/Des/Ahir-Bhairav/Jhinjoti/Kafi
mSnDPm, Saraswati
mSNPGR, Hamsadhwani
mSNdMg, Chandrakauns
mSNdPM, Bhairav
mSNDMG, Hindol
mSNDMP, Bageshri
mSNDmG, Marwa
mSNDPm, Yaman/Pooriya Kalyan/Maru Bihag/Bihag/Todi/Kedar
mrgMPd, Bhairavi
mrgmPd, Todi
mrGMPd, Bhairav
mrGMPD, Ahir-Bhairav
mrGmrG, Pooriya Kalyan
mrGmDN, Pooriya Kalyan
mRSRGR, Bhoopali
mRgMPd, Asavari/Darbari Kanada
mRgMPD, Kafi
mRGmDN, Yaman
mRGPDS, Bhoopali/Deshkar
mRGPNS, Hamsadhwani
mRMPdn, Jaunpuri
mRMPDS, Durga/Jhinjoti
mRMPNS, Des/Sarang
mRmPDS, Saraswati
mgMgRS, Bageshri
mgMPdn, Asavari/Darbari Kanada/Bhairavi
mgMPDn, Kafi
mgMPnS, Bhimpalasi/Dhani
mgMdnS, Malkauns
mgMdNS, Chandrakauns
mgMDnS, Bageshri
mgmPdN, Todi
mGRGNS, Des
mGMGRS, Bihag
mGMPdN, Bhairav
mGMPDn, Ahir-Bhairav
mGMPnS, Jog
mGMPNS, Bihag
mGmGRS, Maru Bihag
mGmGRr, Maru Bihag
mGmGRR, Maru Bihag
mGmGRg, Maru Bihag
mGmGRG, Maru Bihag
mGmGRM, Maru Bihag
mGmGRm, Maru Bihag
mGmGRP, Maru Bihag
mGmGRd, Maru Bihag
mGmGRD, Maru Bihag
mGmGRn, Maru Bihag
mGmGRN, Maru Bihag
mGmGmG, Maru Bihag
mGmGmP, Maru Bihag
mGmPNS, Maru Bihag
mGmDNS, Hindol/Yaman/Pooriya Kalyan/Marwa
mGPGRS, Deshkar
mGPmPD, Kedar
mMGRGS, Jhinjoti
mMGRGN, Des
mMGMgS, Jog
mMGmGS, Hindol
mMGPmP, Kedar
mMPgMR, Darbari Kanada
mMPdnS, Jaunpuri/Asavari/Darbari Kanada/Bhairavi
mMPdNS, Bhairav
mMPDgM, Bageshri
mMPDnS, Ahir-Bhairav/Kafi
mmGmGR, Maru Bihag
mmPGMG, Bihag
mmPdNS, Todi
mmPDPM, Kedar
mmPDNS, Kedar
mPRGRS, Bhoopali
mPgMRS, Darbari Kanada
mPGMGS, Bihag
mPGMGr, Bihag
mPGMGR, Bihag
mPGMGg, Bihag
mPGMGG, Bihag
mPGMGM, Bihag
mPGMGm, Bihag
mPGMGP, Bihag
mPGMGd, Bihag
mPGMGD, Bihag
mPGMGn, Bihag
mPGMGN, Bihag
mPGMPN, Bihag
mPMgrS, Bhairavi
mPMgRS, Bhimpalasi/Jaunpuri/Asavari/Kafi
mPMGrS, Ahir-Bhairav/Bhairav
mPMGRG, Des/Jhinjoti
mPMGMg, Jog
mPMPgM, Darbari Kanada
mPmgrS, Todi
mPmGrS, Pooriya Kalyan
mPmGRS, Yaman
mPmGmG, Maru Bihag
mPmPGM, Bihag
mPmPDP, Kedar
mPmPDN, Kedar
mPdNSS, Todi
mPdNSr, Todi
mPdNSR, Todi
mPdNSg, Todi
mPdNSG, Todi
mPdNSM, Todi
mPdNSm, Todi
mPdNSP, Todi
mPdNSd, Todi
mPdNSD, Todi
mPdNSn, Todi
mPdNSN, Todi
mPDgMg, Bageshri
mPDGPG, Deshkar
mPDPMS, Kedar
mPDPMr, Kedar
mPDPMR, Kedar
mPDPMg, Kedar
mPDPMG, Kedar
mPDPMM, Kedar
mPDPMm, Kedar
mPDPMP, Kedar
mPDPMd, Kedar
mPDPMD, Kedar
mPDPMn, Kedar
mPDPMN, Kedar
mPDPmP, Kedar
mPDNSS, Kedar
mPDNSr, Kedar
mPDNSR, Kedar
mPDNSg, Kedar
mPDNSG, Kedar
mPDNSM, Kedar
mPDNSm, Kedar
mPDNSP, Kedar
mPDNSd, Kedar
mPDNSD, Kedar
mPDNSn, Kedar
mPDNSN, Kedar
mPnSgM, Dhani
mdPMgr, Bhairavi
mdPMgR, Jaunpuri/Asavari
mdPMGr, Bhairav
mdnPMP, Darbari Kanada
mDRSRG, Bhoopali
mDgMgR, Bageshri
mDGPGR, Deshkar
mDMGmG, Hindol
mDMPDg, Bageshri
mDmGrS, Marwa
mDPGRS, Bhoopali
mDPMRS, Durga/Kedar
mDPMgR, Bhimpalasi/Kafi
mDPMGr, Ahir-Bhairav
mDPMGR, Des/Jhinjoti
mDPmRS, Saraswati
mDPmgr, Todi
mDPmGr, Pooriya Kalyan
mDPmGR, Yaman
mDPmGm, Maru Bihag
mDPmPG, Bihag
mDPmPD, Kedar
mDPDGP, Deshkar
mnSgMP, Bhimpalasi/Dhani
mnPMRS, Sarang
mnPMgS, Dhani
mnPMGM, Jog
mnPMPg, Darbari Kanada
mndMgS, Malkauns
mndPMg, Jaunpuri/Asavari/Bhairavi
mnDPMg, Bhimpalasi/Kafi
mnDPMG, Des/Ahir-Bhairav/Jhinjoti
mnDPmR, Saraswati
mNSRMP, Des
mNSGMP, Bihag
mNrGmD, Pooriya Kalyan/Marwa
mNRGmD, Yaman
mNPGRS, Hamsadhwani
mNdMgS, Chandrakauns
mNdPMG, Bhairav
mNDMGm, Hindol
mNDMPD, Bageshri
mNDmGr, Marwa
mNDPmg, Todi
mNDPmG, Yaman/Pooriya Kalyan/Maru Bihag
mNDPmP, Bihag/Kedar
PSrgMP, Bhairavi
PSrgmP, Todi
PSrGMP, Ahir-Bhairav/Bhairav
PSRgMP, Asavari/Darbari Kanada/Kafi
PSRGRS, Bhoopali
PSRGPD, Bhoopali/Deshkar
PSRGPN, Hamsadhwani
PSRMPd, Jaunpuri
PSRMPD, Durga/Jhinjoti
PSRMPN, Des/Sarang
PSRmPD, Saraswati
PSgMPn, Bhimpalasi/Dhani
PSgMdn, Malkauns
PSgMdN, Chandrakauns
PSgMDn, Bageshri
PSGMPn, Jog
PSGMPN, Bihag
PSGmPN, Maru Bihag
PSGmDN, Hindol
PSMGPm, Kedar
PSdnPM, Darbari Kanada
PSDPGR, Bhoopali
PSDPMR, Durga
PSDPDG, Deshkar
PSnPMR, Sarang
PSnPMg, Dhani
PSnPMG, Jog
PSndMg, Malkauns
PSndPM, Jaunpuri/Asavari/Bhairavi
PSnDPM, Bhimpalasi/Des/Ahir-Bhairav/Jhinjoti/Kafi
PSnDPm, Saraswati
PSNPGR, Hamsadhwani
PSNdMg, Chandrakauns
PSNdPM, Bhairav
PSNDMG, Hindol
PSNDMP, Bageshri
PSNDmG, Marwa
PSNDPm, Yaman/Pooriya Kalyan/Maru Bihag/Bihag/Todi/Kedar
PrgMPd, Bhairavi
PrgmPd, Todi
PrGMPd, Bhairav
PrGMPD, Ahir-Bhairav
PrGmDN, Pooriya Kalyan/Marwa
PRSRGR, Bhoopali
PRSRGP, Bhoopali
PRgMPd, Asavari/Darbari Kanada
PRgMPD, Kafi
PRGRSS, Bhoopali
PRGRSr, Bhoopali
PRGRSR, Bhoopali
PRGRSg, Bhoopali
PRGRSG, Bhoopali
PRGRSM, Bhoopali
PRGRSm, Bhoopali
PRGRSP, Bhoopali
PRGRSd, Bhoopali
PRGRSD, Bhoopali
PRGRSn, Bhoopali
PRGRSN, Bhoopali
PRGmDP, Yaman
PRGmDN, Yaman
PRGPDS, Bhoopali
PRGPNS, Hamsadhwani
PRMPdn, Jaunpuri
PRMPDS, Durga/Jhinjoti
PRMPNS, Des/Sarang
PRmPDS, Saraswati
PgMRSS, Darbari Kanada
PgMRSr, Darbari Kanada
PgMRSR, Darbari Kanada
PgMRSg, Darbari Kanada
PgMRSG, Darbari Kanada
PgMRSM, Darbari Kanada
PgMRSm, Darbari Kanada
PgMRSP, Darbari Kanada
PgMRSd, Darbari Kanada
PgMRSD, Darbari Kanada
PgMRSn, Darbari Kanada
PgMRSN, Darbari Kanada
PgMgRS, Bageshri
PgMPgM, Darbari Kanada
PgMPdn, Darbari Kanada
PgMPDn, Kafi
PgMPnS, Bhimpalasi/Dhani
PgMdnS, Malkauns
PgMdNS, Chandrakauns
PgMDnS, Bageshri
PgmPdN, Todi
PGRSRG, Bhoopali
PGRGNS, Des
PGMGRS, Bihag
PGMGRr, Bihag
PGMGRR, Bihag
PGMGRg, Bihag
PGMGRG, Bihag
PGMGRM, Bihag
PGMGRm, Bihag
PGMGRP, Bihag
PGMGRd, Bihag
PGMGRD, Bihag
PGMGRn, Bihag
PGMGRN, Bihag
PGMPdN, Bhairav
PGMPDn, Ahir-Bhairav
PGMPnS, Jog
PGMPNS, Bihag
PGmGRS, Maru Bihag
PGmPNS, Maru Bihag
PGmDNS, Hindol/Yaman/Pooriya Kalyan/Marwa
PGPGRS, Deshkar
PGPmPD, Kedar
PMgrSS, Bhairavi
PMgrSr, Bhairavi
PMgrSR, Bhairavi
PMgrSg, Bhairavi
PMgrSG, Bhairavi
PMgrSM, Bhairavi
PMgrSm, Bhairavi
PMgrSP, Bhairavi
PMgrSd, Bhairavi
PMgrSD, Bhairavi
PMgrSn, Bhairavi
PMgrSN, Bhairavi
PMgRSS, Bhimpalasi/Jaunpuri/Asavari/Kafi
PMgRSr, Bhimpalasi/Jaunpuri/Asavari/Kafi
PMgRSR, Jaunpuri/Asavari/Kafi
PMgRSg, Bhimpalasi
PMgRSG, Bhimpalasi/Jaunpuri/Asavari/Kafi
PMgRSM, Bhimpalasi/Jaunpuri/Asavari/Kafi
PMgRSm, Bhimpalasi/Jaunpuri/Asavari/Kafi
PMgRSP, Bhimpalasi/Jaunpuri/Asavari/Kafi
PMgRSd, Bhimpalasi/Jaunpuri/Asavari/Kafi
PMgRSD, Bhimpalasi/Jaunpuri/Asavari/Kafi
PMgRSn, Bhimpalasi/Jaunpuri/Asavari/Kafi
PMgRSN, Bhimpalasi/Jaunpuri/Asavari/Kafi
PMGrSS, Ahir-Bhairav/Bhairav
PMGrSr, Ahir-Bhairav/Bhairav
PMGrSR, Ahir-Bhairav/Bhairav
PMGrSg, Ahir-Bhairav/Bhairav
PMGrSG, Ahir-Bhairav/Bhairav
PMGrSM, Ahir-Bhairav/Bhairav
PMGrSm, Ahir-Bhairav/Bhairav
PMGrSP, Ahir-Bhairav/Bhairav
PMGrSd, Ahir-Bhairav/Bhairav
PMGrSD, Ahir-Bhairav/Bhairav
PMGrSn, Ahir-Bhairav
PMGrSN, Bhairav
PMGRGS, Jhinjoti
PMGRGr, Des/Jhinjoti
PMGRGR, Des/Jhinjoti
PMGRGg, Des/Jhinjoti
PMGRGG, Des/Jhinjoti
PMGRGM, Des/Jhinjoti
PMGRGm, Des/Jhinjoti
PMGRGP, Des/Jhinjoti
PMGRGd, Des/Jhinjoti
PMGRGD, Des/Jhinjoti
PMGRGn, Des/Jhinjoti
PMGRGN, Des
PMGMgS, Jog
PMGMgr, Jog
PMGMgR, Jog
PMGMgg, Jog
PMGMgG, Jog
PMGMgM, Jog
PMGMgm, Jog
PMGMgP, Jog
PMGMgd, Jog
PMGMgD, Jog
PMGMgn, Jog
PMGMgN, Jog
PMGMPn, Jog
PMGmGS, Hindol
PMGPmP, Kedar
PMPgMS, Darbari Kanada
PMPgMr, Darbari Kanada
PMPgMR, Darbari Kanada
PMPgMg, Darbari Kanada
PMPgMG, Darbari Kanada
PMPgMM, Darbari Kanada
PMPgMm, Darbari Kanada
PMPgMP, Darbari Kanada
PMPgMd, Darbari Kanada
PMPgMD, Darbari Kanada
PMPgMn, Darbari Kanada
PMPgMN, Darbari Kanada
PMPdnS, Darbari Kanada
PMPdnP, Darbari Kanada
PMPdNS, Bhairav
PMPDgM, Bageshri
PMPDnS, Ahir-Bhairav/Kafi
PMPnSg, Dhani
PmgrSS, Todi
PmgrSr, Todi
PmgrSR, Todi
PmgrSg, Todi
PmgrSG, Todi
PmgrSM, Todi
PmgrSm, Todi
PmgrSP, Todi
PmgrSd, Todi
PmgrSD, Todi
PmgrSn, Todi
PmgrSN, Todi
PmGrSS, Pooriya Kalyan
PmGrSr, Pooriya Kalyan
PmGrSR, Pooriya Kalyan
PmGrSg, Pooriya Kalyan
PmGrSG, Pooriya Kalyan
PmGrSM, Pooriya Kalyan
PmGrSm, Pooriya Kalyan
PmGrSP, Pooriya Kalyan
PmGrSd, Pooriya Kalyan
PmGrSD, Pooriya Kalyan
PmGrSn, Pooriya Kalyan
PmGrSN, Pooriya Kalyan
PmGRSS, Yaman
PmGRSr, Yaman
PmGRSR, Yaman
PmGRSg, Yaman
PmGRSG, Yaman
PmGRSM, Yaman
PmGRSm, Yaman
PmGRSP, Yaman
PmGRSd, Yaman
PmGRSD, Yaman
PmGRSn, Yaman
PmGRSN, Yaman
PmGmGS, Maru Bihag
PmGmGr, Maru Bihag
PmGmGR, Maru Bihag
PmGmGg, Maru Bihag
PmGmGG, Maru Bihag
PmGmGM, Maru Bihag
PmGmGm, Maru Bihag
PmGmGP, Maru Bihag
PmGmGd, Maru Bihag
PmGmGD, Maru Bihag
PmGmGn, Maru Bihag
PmGmGN, Maru Bihag
PmGmPN, Maru Bihag
PmPGMS, Bihag
PmPGMr, Bihag
PmPGMR, Bihag
PmPGMg, Bihag
PmPGMG, Bihag
PmPGMM, Bihag
PmPGMm, Bihag
PmPGMP, Bihag
PmPGMd, Bihag
PmPGMD, Bihag
PmPGMn, Bihag
PmPGMN, Bihag
PmPdNS, Todi
PmPDPS, Kedar
PmPDPr, Kedar
PmPDPR, Kedar
PmPDPg, Kedar
PmPDPG, Kedar
PmPDPM, Kedar
PmPDPm, Kedar
PmPDPP, Kedar
PmPDPd, Kedar
PmPDPD, Kedar
PmPDPn, Kedar
PmPDPN, Kedar
PmPDNS, Kedar
PmPDNr, Kedar
PmPDNR, Kedar
PmPDNg, Kedar
PmPDNG, Kedar
PmPDNM, Kedar
PmPDNm, Kedar
PmPDNP, Kedar
PmPDNd, Kedar
PmPDND, Kedar
PmPDNn, Kedar
PmPDNN, Kedar
PPRGRS, Bhoopali
PPgMRS, Darbari Kanada
PPGMGR, Bihag
PPMgrS, Bhairavi
PPMgRS, Bhimpalasi/Jaunpuri/Asavari/Kafi
PPMGrS, Ahir-Bhairav/Bhairav
PPMGRG, Des/Jhinjoti
PPMGMg, Jog
PPMPgM, Darbari Kanada
PPmgrS, Todi
PPmGrS, Pooriya Kalyan
PPmGRS, Yaman
PPmGmG, Maru Bihag
PPmPGM, Bihag
PPmPDP, Kedar
PPmPDN, Kedar
PPDgMg, Bageshri
PPDGPG, Deshkar
PPDPMR, Kedar
PPnSgM, Dhani
PdPMgr, Bhairavi
PdPMgR, Jaunpuri/Asavari
PdPMGr, Bhairav
PdnPMP, Darbari Kanada
PDRSRG, Bhoopali
PDgMgS, Bageshri
PDgMgr, Bageshri
PDgMgR, Bageshri
PDgMgg, Bageshri
PDgMgG, Bageshri
PDgMgM, Bageshri
PDgMgm, Bageshri
PDgMgP, Bageshri
PDgMgd, Bageshri
PDgMgD, Bageshri
PDgMgn, Bageshri
PDgMgN, Bageshri
PDgMDn, Bageshri
PDGPGS, Deshkar
PDGPGr, Deshkar
PDGPGR, Deshkar
PDGPGg, Deshkar
PDGPGG, Deshkar
PDGPGM, Deshkar
PDGPGm, Deshkar
PDGPGP, Deshkar
PDGPGd, Deshkar
PDGPGD, Deshkar
PDGPGn, Deshkar
PDGPGN, Deshkar
PDGPDS, Deshkar
PDGPDG, Deshkar
PDMGmG, Hindol
PDMPDg, Bageshri
PDmGrS, Marwa
PDPGRS, Bhoopali
PDPMRS, Kedar
PDPMRr, Kedar
PDPMRR, Kedar
PDPMRg, Kedar
PDPMRG, Kedar
PDPMRM, Kedar
PDPMRm, Kedar
PDPMRP, Kedar
PDPMRd, Kedar
PDPMRD, Kedar
PDPMRn, Kedar
PDPMRN, Kedar
PDPMgR, Kafi
PDPMGr, Ahir-Bhairav
PDPMGR, Jhinjoti
PDPmRS, Saraswati
PDPmgr, Todi
PDPmGr, Pooriya Kalyan
PDPmGR, Yaman
PDPmGm, Maru Bihag
PDPmPG, Bihag
PDPmPD, Kedar
PDPDGP, Deshkar
PnSgMS, Dhani
PnSgMr, Dhani
PnSgMR, Dhani
PnSgMg, Dhani
PnSgMG, Dhani
PnSgMM, Dhani
PnSgMm, Dhani
PnSgMP, Dhani
PnSgMd, Dhani
PnSgMD, Dhani
PnSgMn, Dhani
PnSgMN, Dhani
PnPMRS, Sarang
PnPMgS, Dhani
PnPMGM, Jog
PnPMPg, Darbari Kanada
PndMgS, Malkauns
PndPMg, Jaunpuri/Asavari/Bhairavi
PnDPMg, Bhimpalasi
PnDPMG, Des/Ahir-Bhairav/Jhinjoti
PnDPmR, Saraswati
PNSRMP, Des
PNSGMG, Bihag
PNSGMP, Bihag
PNrGmD, Pooriya Kalyan/Marwa
PNRGmD, Yaman
PNPGRS, Hamsadhwani
PNdMgS, Chandrakauns
PNdPMG, Bhairav
PNDMGm, Hindol
PNDMPD, Bageshri
PNDmGr, Marwa
PNDPmg, Todi
PNDPmG, Maru Bihag
PNDPmP, Bihag
dSrgMP, Bhairavi
dSrgmP, Todi
dSrGMP, Ahir-Bhairav/Bhairav
dSRgMP, Asavari/Darbari Kanada/Kafi
dSRGRS, Bhoopali
dSRGPD, Bhoopali/Deshkar
dSRGPN, Hamsadhwani
dSRMPd, Jaunpuri
dSRMPD, Durga/Jhinjoti
dSRMPN, Des/Sarang
dSRmPD, Saraswati
dSgMPn, Bhimpalasi/Dhani
dSgMdn, Malkauns
dSgMdN, Chandrakauns
dSgMDn, Bageshri
dSGMPn, Jog
dSGMPN, Bihag
dSGmPN, Maru Bihag
dSGmDN, Hindol
dSMGPm, Kedar
dSdnPM, Darbari Kanada
dSDPGR, Bhoopali
dSDPMR, Durga
dSDPDG, Deshkar
dSnPMR, Sarang
dSnPMg, Dhani
dSnPMG, Jog
dSndMg, Malkauns
dSndPM, Jaunpuri/Asavari/Bhairavi
dSnDPM, Bhimpalasi/Des/Ahir-Bhairav/Jhinjoti/Kafi
dSnDPm, Saraswati
dSNPGR, Hamsadhwani
dSNdMg, Chandrakauns
dSNdPM, Bhairav
dSNDMG, Hindol
dSNDMP, Bageshri
dSNDmG, Marwa
dSNDPm, Yaman/Pooriya Kalyan/Maru Bihag/Bihag/Todi/Kedar
drgMPd, Bhairavi
drgmPd, Todi
drGMPd, Bhairav
drGMPD, Ahir-Bhairav
drGmDN, Pooriya Kalyan/Marwa
dRSRGR, Bhoopali
dRgMPd, Asavari/Darbari Kanada
dRgMPD, Kafi
dRGmDN, Yaman
dRGPDS, Bhoopali/Deshkar
dRGPNS, Hamsadhwani
dRMPdn, Jaunpuri
dRMPDS, Durga/Jhinjoti
dRMPNS, Des/Sarang
dRmPDS, Saraswati
dgMgRS, Bageshri
dgMPdn, Asavari/Darbari Kanada/Bhairavi
dgMPDn, Kafi
dgMPnS, Bhimpalasi/Dhani
dgMdnS, Malkauns
dgMdNS, Chandrakauns
dgMDnS, Bageshri
dgmPdN, Todi
dGRGNS, Des
dGMGRS, Bihag
dGMPdN, Bhairav
dGMPDn, Ahir-Bhairav
dGMPnS, Jog
dGMPNS, Bihag
dGmGRS, Maru Bihag
dGmPNS, Maru Bihag
dGmDNS, Hindol/Yaman/Pooriya Kalyan/Marwa
dGPGRS, Deshkar
dGPmPD, Kedar
dMGRGS, Jhinjoti
dMGRGN, Des
dMGMgS, Jog
dMGmGS, Hindol
dMGPmP, Kedar
dMPgMR, Darbari Kanada
dMPdnS, Jaunpuri/Asavari/Darbari Kanada/Bhairavi
dMPdNS, Bhairav
dMPDgM, Bageshri
dMPDnS, Ahir-Bhairav/Kafi
dmGmGR, Maru Bihag
dmPGMG, Bihag
dmPdNS, Todi
dmPDPM, Kedar
dmPDNS, Kedar
dPRGRS, Bhoopali
dPgMRS, Darbari Kanada
dPGMGR, Bihag
dPMgrS, Bhairavi
dPMgrr, Bhairavi
dPMgrR, Bhairavi
dPMgrg, Bhairavi
dPMgrG, Bhairavi
dPMgrM, Bhairavi
dPMgrm, Bhairavi
dPMgrP, Bhairavi
dPMgrd, Bhairavi
dPMgrD, Bhairavi
dPMgrn, Bhairavi
dPMgrN, Bhairavi
dPMgRS, Jaunpuri/Asavari
dPMgRr, Jaunpuri/Asavari
dPMgRR, Jaunpuri/Asavari
dPMgRg, Asavari
dPMgRG, Jaunpuri/Asavari
dPMgRM, Jaunpuri
dPMgRm, Jaunpuri/Asavari
dPMgRP, Jaunpuri/Asavari
dPMgRd, Jaunpuri/Asavari
dPMgRD, Jaunpuri/Asavari
dPMgRn, Jaunpuri/Asavari
dPMgRN, Jaunpuri/Asavari
dPMGrS, Bhairav
dPMGrr, Bhairav
dPMGrR, Bhairav
dPMGrg, Bhairav
dPMGrG, Bhairav
dPMGrM, Bhairav
dPMGrm, Bhairav
dPMGrP, Bhairav
dPMGrd, Bhairav
dPMGrD, Bhairav
dPMGrn, Bhairav
dPMGrN, Bhairav
dPMGRG, Des/Jhinjoti
dPMGMg, Jog
dPMPgM, Darbari Kanada
dPmgrS, Todi
dPmGrS, Pooriya Kalyan
dPmGRS, Yaman
dPmGmG, Maru Bihag
dPmPGM, Bihag
dPmPDP, Kedar
dPmPDN, Kedar
dPDgMg, Bageshri
dPDGPG, Deshkar
dPDPMR, Kedar
dPnSgM, Dhani
ddPMgr, Bhairavi
ddPMgR, Jaunpuri/Asavari
ddPMGr, Bhairav
ddnPMP, Darbari Kanada
dDRSRG, Bhoopali
dDgMgR, Bageshri
dDGPGR, Deshkar
dDMGmG, Hindol
dDMPDg, Bageshri
dDmGrS, Marwa
dDPGRS, Bhoopali
dDPMRS, Durga/Kedar
dDPMgR, Bhimpalasi/Kafi
dDPMGr, Ahir-Bhairav
dDPMGR, Des/Jhinjoti
dDPmRS, Saraswati
dDPmgr, Todi
dDPmGr, Pooriya Kalyan
dDPmGR, Yaman
dDPmGm, Maru Bihag
dDPmPG, Bihag
dDPmPD, Kedar
dDPDGP, Deshkar
dnSgMP, Bhimpalasi/Dhani
dnPMRS, Sarang
dnPMgS, Dhani
dnPMGM, Jog
dnPMPS, Darbari Kanada
dnPMPr, Darbari Kanada
dnPMPR, Darbari Kanada
dnPMPg, Darbari Kanada
dnPMPG, Darbari Kanada
dnPMPM, Darbari Kanada
dnPMPm, Darbari Kanada
dnPMPP, Darbari Kanada
dnPMPd, Darbari Kanada
dnPMPD, Darbari Kanada
dnPMPn, Darbari Kanada
dnPMPN, Darbari Kanada
dndMgS, Malkauns
dndPMg, Jaunpuri/Asavari/Bhairavi
dnDPMg, Bhimpalasi/Kafi
dnDPMG, Des/Ahir-Bhairav/Jhinjoti
dnDPmR, Saraswati
dNSRMP, Des
dNSGMP, Bihag
dNrGmD, Pooriya Kalyan/Marwa
dNRGmD, Yaman
dNPGRS, Hamsadhwani
dNdMgS, Chandrakauns
dNdPMG, Bhairav
dNDMGm, Hindol
dNDMPD, Bageshri
dNDmGr, Marwa
dNDPmg, Todi
dNDPmG, Yaman/Pooriya Kalyan/Maru Bihag
dNDPmP, Bihag/Kedar
DSrgMP, Bhairavi
DSrgmP, Todi
DSrGMP, Ahir-Bhairav/Bhairav
DSRgMP, Asavari/Darbari Kanada/Kafi
DSRGRS, Bhoopali
DSRGPD, Bhoopali/Deshkar
DSRGPN, Hamsadhwani
DSRMPd, Jaunpuri
DSRMPD, Durga/Jhinjoti
DSRMPN, Des/Sarang
DSRmPD, Saraswati
DSgMPn, Bhimpalasi/Dhani
DSgMdn, Malkauns
DSgMdN, Chandrakauns
DSgMDn, Bageshri
DSGMPn, Jog
DSGMPN, Bihag
DSGmPN, Maru Bihag
DSGmDN, Hindol
DSMGPm, Kedar
DSdnPM, Darbari Kanada
DSDPGR, Bhoopali
DSDPMR, Durga
DSDPDG, Deshkar
DSnPMR, Sarang
DSnPMg, Dhani
DSnPMG, Jog
DSndMg, Malkauns
DSndPM, Jaunpuri/Asavari/Bhairavi
DSnDPM, Jhinjoti
DSnDPm, Saraswati
DSNPGR, Hamsadhwani
DSNdMg, Chandrakauns
DSNdPM, Bhairav
DSNDMG, Hindol
DSNDMP, Bageshri
DSNDmG, Marwa
DSNDPm, Yaman/Pooriya Kalyan/Maru Bihag/Bihag/Todi/Kedar
DrgMPd, Bhairavi
DrgmPd, Todi
DrGMPd, Bhairav
DrGMPD, Ahir-Bhairav
DrGmDN, Pooriya Kalyan/Marwa
DRSRGS, Bhoopali
DRSRGr, Bhoopali
DRSRGR, Bhoopali
DRSRGg, Bhoopali
DRSRGG, Bhoopali
DRSRGM, Bhoopali
DRSRGm, Bhoopali
DRSRGP, Bhoopali
DRSRGd, Bhoopali
DRSRGD, Bhoopali
DRSRGn, Bhoopali
DRSRGN, Bhoopali
DRgMPd, Asavari/Darbari Kanada
DRgMPD, Kafi
DRGmDN, Yaman
DRGPDS, Bhoopali
DRGPNS, Hamsadhwani
DRMPdn, Jaunpuri
DRMPDS, Durga/Jhinjoti
DRMPNS, Des/Sarang
DRmPDS, Saraswati
DgMgRS, Bageshri
DgMgRr, Bageshri
DgMgRR, Bageshri
DgMgRg, Bageshri
DgMgRG, Bageshri
DgMgRM, Bageshri
DgMgRm, Bageshri
DgMgRP, Bageshri
DgMgRd, Bageshri
DgMgRD, Bageshri
DgMgRn, Bageshri
DgMgRN, Bageshri
DgMPdn, Asavari/Darbari Kanada/Bhairavi
DgMPDn, Kafi
DgMPnS, Bhimpalasi/Dhani
DgMdnS, Malkauns
DgMdNS, Chandrakauns
DgMDnS, Bageshri
DgmPdN, Todi
DGRGNS, Des
DGMGRS, Bihag
DGMPdN, Bhairav
DGMPDn, Ahir-Bhairav
DGMPnS, Jog
DGMPNS, Bihag
DGmGRS, Maru Bihag
DGmPNS, Maru Bihag
DGmDNS, Hindol/Yaman/Pooriya Kalyan/Marwa
DGPGRS, Deshkar
DGPGRr, Deshkar
DGPGRR, Deshkar
DGPGRg, Deshkar
DGPGRG, Deshkar
DGPGRM, Deshkar
DGPGRm, Deshkar
DGPGRP, Deshkar
DGPGRd, Deshkar
DGPGRD, Deshkar
DGPGRn, Deshkar
DGPGRN, Deshkar
DGPmPD, Kedar
DGPDGP, Deshkar
DMGRGS, Jhinjoti
DMGRGN, Des
DMGMgS, Jog
DMGmGS, Hindol
DMGmGr, Hindol
DMGmGR, Hindol
DMGmGg, Hindol
DMGmGG, Hindol
DMGmGM, Hindol
DMGmGm, Hindol
DMGmGP, Hindol
DMGmGd, Hindol
DMGmGD, Hindol
DMGmGn, Hindol
DMGmGN, Hindol
DMGmDN, Hindol
DMGPmP, Kedar
DMPgMR, Darbari Kanada
DMPdnS, Jaunpuri/Asavari/Darbari Kanada/Bhairavi
DMPdNS, Bhairav
DMPDgS, Bageshri
DMPDgr, Bageshri
DMPDgR, Bageshri
DMPDgg, Bageshri
DMPDgG, Bageshri
DMPDgM, Bageshri
DMPDgm, Bageshri
DMPDgP, Bageshri
DMPDgd, Bageshri
DMPDgD, Bageshri
DMPDgn, Bageshri
DMPDgN, Bageshri
DMPDnS, Ahir-Bhairav/Kafi
DmGrSS, Marwa
DmGrSr, Marwa
DmGrSR, Marwa
DmGrSg, Marwa
DmGrSG, Marwa
DmGrSM, Marwa
DmGrSm, Marwa
DmGrSP, Marwa
DmGrSd, Marwa
DmGrSD, Marwa
DmGrSn, Marwa
DmGrSN, Marwa
DmGmGR, Maru Bihag
DmPGMG, Bihag
DmPdNS, Todi
DmPDPM, Kedar
DmPDNS, Kedar
DPRGRS, Bhoopali
DPRGmD, Yaman
DPgMRS, Darbari Kanada
DPGRSS, Bhoopali
DPGRSr, Bhoopali
DPGRSR, Bhoopali
DPGRSg, Bhoopali
DPGRSG, Bhoopali
DPGRSM, Bhoopali
DPGRSm, Bhoopali
DPGRSP, Bhoopali
DPGRSd, Bhoopali
DPGRSD, Bhoopali
DPGRSn, Bhoopali
DPGRSN, Bhoopali
DPGMGR, Bihag
DPMRSS, Durga/Kedar
DPMRSr, Durga/Kedar
DPMRSR, Durga
DPMRSg, Durga/Kedar
DPMRSG, Durga/Kedar
DPMRSM, Kedar
DPMRSm, Durga/Kedar
DPMRSP, Durga/Kedar
DPMRSd, Durga/Kedar
DPMRSD, Durga
DPMRSn, Durga/Kedar
DPMRSN, Kedar
DPMgrS, Bhairavi
DPMgRS, Bhimpalasi/Kafi
DPMgRr, Bhimpalasi/Kafi
DPMgRR, Bhimpalasi/Kafi
DPMgRg, Kafi
DPMgRG, Bhimpalasi/Kafi
DPMgRM, Bhimpalasi/Kafi
DPMgRm, Bhimpalasi/Kafi
DPMgRP, Bhimpalasi/Kafi
DPMgRd, Bhimpalasi/Kafi
DPMgRD, Bhimpalasi/Kafi
DPMgRn, Bhimpalasi/Kafi
DPMgRN, Bhimpalasi/Kafi
DPMGrS, Ahir-Bhairav
DPMGrr, Ahir-Bhairav
DPMGrR, Ahir-Bhairav
DPMGrg, Ahir-Bhairav
DPMGrG, Ahir-Bhairav
DPMGrM, Ahir-Bhairav
DPMGrm, Ahir-Bhairav
DPMGrP, Ahir-Bhairav
DPMGrd, Ahir-Bhairav
DPMGrD, Ahir-Bhairav
DPMGrn, Ahir-Bhairav
DPMGrN, Ahir-Bhairav
DPMGRS, Des/Jhinjoti
DPMGRr, Des/Jhinjoti
DPMGRR, Des/Jhinjoti
DPMGRg, Des/Jhinjoti
DPMGRG, Des/Jhinjoti
DPMGRM, Des/Jhinjoti
DPMGRm, Des/Jhinjoti
DPMGRP, Des/Jhinjoti
DPMGRd, Des/Jhinjoti
DPMGRD, Des/Jhinjoti
DPMGRn, Des/Jhinjoti
DPMGRN, Des/Jhinjoti
DPMGMg, Jog
DPMPgM, Darbari Kanada
DPmRSS, Saraswati
DPmRSr, Saraswati
DPmRSR, Saraswati
DPmRSg, Saraswati
DPmRSG, Saraswati
DPmRSM, Saraswati
DPmRSm, Saraswati
DPmRSP, Saraswati
DPmRSd, Saraswati
DPmRSD, Saraswati
DPmRSn, Saraswati
DPmRSN, Saraswati
DPmgrS, Todi
DPmgrr, Todi
DPmgrR, Todi
DPmgrg, Todi
DPmgrG, Todi
DPmgrM, Todi
DPmgrm, Todi
DPmgrP, Todi
DPmgrd, Todi
DPmgrD, Todi
DPmgrn, Todi
DPmgrN, Todi
DPmGrS, Pooriya Kalyan
DPmGrr, Pooriya Kalyan
DPmGrR, Pooriya Kalyan
DPmGrg, Pooriya Kalyan
DPmGrG, Pooriya Kalyan
DPmGrM, Pooriya Kalyan
DPmGrm, Pooriya Kalyan
DPmGrP, Pooriya Kalyan
DPmGrd, Pooriya Kalyan
DPmGrD, Pooriya Kalyan
DPmGrn, Pooriya Kalyan
DPmGrN, Pooriya Kalyan
DPmGRS, Yaman
DPmGRr, Yaman
DPmGRR, Yaman
DPmGRg, Yaman
DPmGRG, Yaman
DPmGRM, Yaman
DPmGRm, Yaman
DPmGRP, Yaman
DPmGRd, Yaman
DPmGRD, Yaman
DPmGRn, Yaman
DPmGRN, Yaman
DPmGmS, Maru Bihag
DPmGmr, Maru Bihag
DPmGmR, Maru Bihag
DPmGmg, Maru Bihag
DPmGmG, Maru Bihag
DPmGmM, Maru Bihag
DPmGmm, Maru Bihag
DPmGmP, Maru Bihag
DPmGmd, Maru Bihag
DPmGmD, Maru Bihag
DPmGmn, Maru Bihag
DPmGmN, Maru Bihag
DPmPGS, Bihag
DPmPGr, Bihag
DPmPGR, Bihag
DPmPGg, Bihag
DPmPGG, Bihag
DPmPGM, Bihag
DPmPGm, Bihag
DPmPGP, Bihag
DPmPGd, Bihag
DPmPGD, Bihag
DPmPGn, Bihag
DPmPGN, Bihag
DPmPDS, Kedar
DPmPDr, Kedar
DPmPDR, Kedar
DPmPDg, Kedar
DPmPDG, Kedar
DPmPDM, Kedar
DPmPDm, Kedar
DPmPDP, Kedar
DPmPDd, Kedar
DPmPDD, Kedar
DPmPDn, Kedar
DPmPDN, Kedar
DPDgMg, Bageshri
DPDGPS, Deshkar
DPDGPr, Deshkar
DPDGPR, Deshkar
DPDGPg, Deshkar
DPDGPG, Deshkar
DPDGPM, Deshkar
DPDGPm, Deshkar
DPDGPP, Deshkar
DPDGPd, Deshkar
DPDGPD, Deshkar
DPDGPn, Deshkar
DPDGPN, Deshkar
DPDPMR, Kedar
DPnSgM, Dhani
DdPMgr, Bhairavi
DdPMgR, Jaunpuri/Asavari
DdPMGr, Bhairav
DdnPMP, Darbari Kanada
DDRSRG, Bhoopali
DDgMgR, Bageshri
DDGPGR, Deshkar
DDMGmG, Hindol
DDMPDg, Bageshri
DDmGrS, Marwa
DDPGRS, Bhoopali
DDPMRS, Durga/Kedar
DDPMgR, Bhimpalasi/Kafi
DDPMGr, Ahir-Bhairav
DDPMGR, Des/Jhinjoti
DDPmRS, Saraswati
DDPmgr, Todi
DDPmGr, Pooriya Kalyan
DDPmGR, Yaman
DDPmGm, Maru Bihag
DDPmPG, Bihag
DDPmPD, Kedar
DDPDGP, Deshkar
DnSgMP, Bhimpalasi/Dhani
DnPMRS, Sarang
DnPMgS, Dhani
DnPMGM, Jog
DnPMPg, Darbari Kanada
DndMgS, Malkauns
DndPMg, Jaunpuri/Asavari/Bhairavi
DnDPMg, Kafi
DnDPMG, Ahir-Bhairav
DnDPmR, Saraswati
DNSRMP, Des
DNSGMP, Bihag
DNrGmD, Pooriya Kalyan/Marwa
DNRGmD, Yaman
DNPGRS, Hamsadhwani
DNdMgS, Chandrakauns
DNdPMG, Bhairav
DNDMGm, Hindol
DNDMPD, Bageshri
DNDmGr, Marwa
DNDPmg, Todi
DNDPmG, Yaman/Pooriya Kalyan
DNDPmP, Kedar
nSrgMP, Bhairavi
nSrgmP, Todi
nSrGMP, Ahir-Bhairav
nSRgMP, Asavari/Darbari Kanada/Kafi
nSRGRS, Bhoopali
nSRGPD, Bhoopali/Deshkar
nSRGPN, Hamsadhwani
nSRMPd, Jaunpuri
nSRMPD, Durga/Jhinjoti
nSRMPN, Des/Sarang
nSRmPD, Saraswati
nSgMPS, Bhimpalasi/Dhani
nSgMPr, Bhimpalasi/Dhani
nSgMPR, Bhimpalasi/Dhani
nSgMPg, Bhimpalasi/Dhani
nSgMPG, Bhimpalasi/Dhani
nSgMPM, Bhimpalasi/Dhani
nSgMPm, Bhimpalasi/Dhani
nSgMPP, Bhimpalasi/Dhani
nSgMPd, Bhimpalasi/Dhani
nSgMPD, Bhimpalasi/Dhani
nSgMPn, Bhimpalasi/Dhani
nSgMPN, Bhimpalasi/Dhani
nSgMdn, Malkauns
nSgMdN, Chandrakauns
nSgMDn, Bageshri
nSGMPn, Jog
nSGMPN, Bihag
nSGmPN, Maru Bihag
nSGmDN, Hindol
nSMGPm, Kedar
nSdnPM, Darbari Kanada
nSDPGR, Bhoopali
nSDPMR, Durga
nSDPDG, Deshkar
nSnPMR, Sarang
nSnPMg, Dhani
nSnPMG, Jog
nSndMg, Malkauns
nSndPM, Jaunpuri/Asavari/Bhairavi
nSnDPM, Bhimpalasi/Ahir-Bhairav/Kafi
nSnDPm, Saraswati
nSNPGR, Hamsadhwani
nSNdMg, Chandrakauns
nSNdPM, Bhairav
nSNDMG, Hindol
nSNDMP, Bageshri
nSNDmG, Marwa
nSNDPm, Yaman/Pooriya Kalyan/Maru Bihag/Bihag/Todi/Kedar
nrgMPd, Bhairavi
nrgmPd, Todi
nrGMPd, Bhairav
nrGMPD, Ahir-Bhairav
nrGmDN, Pooriya Kalyan/Marwa
nRSRGR, Bhoopali
nRgMPd, Asavari/Darbari Kanada
nRgMPD, Kafi
nRGmDN, Yaman
nRGPDS, Bhoopali/Deshkar
nRGPNS, Hamsadhwani
nRMPdn, Jaunpuri
nRMPDS, Durga/Jhinjoti
nRMPNS, Des/Sarang
nRmPDS, Saraswati
ngMgRS, Bageshri
ngMPdn, Asavari/Darbari Kanada/Bhairavi
ngMPDn, Kafi
ngMPnS, Bhimpalasi/Dhani
ngMdnS, Malkauns
ngMdNS, Chandrakauns
ngMDnS, Bageshri
ngmPdN, Todi
nGRGNS, Des
nGMGRS, Bihag
nGMPdN, Bhairav
nGMPDn, Ahir-Bhairav
nGMPnS, Jog
nGMPNS, Bihag
nGmGRS, Maru Bihag
nGmPNS, Maru Bihag
nGmDNS, Hindol/Yaman/Pooriya Kalyan/Marwa
nGPGRS, Deshkar
nGPmPD, Kedar
nMGRGS, Jhinjoti
nMGRGN, Des
nMGMgS, Jog
nMGmGS, Hindol
nMGPmP, Kedar
nMPgMR, Darbari Kanada
nMPdnS, Jaunpuri/Asavari/Darbari Kanada/Bhairavi
nMPdNS, Bhairav
nMPDgM, Bageshri
nMPDnS, Ahir-Bhairav/Kafi
nmGmGR, Maru Bihag
nmPGMG, Bihag
nmPdNS, Todi
nmPDPM, Kedar
nmPDNS, Kedar
nPRGRS, Bhoopali
nPgMRS, Darbari Kanada
nPGMGR, Bihag
nPMRSS, Sarang
nPMRSr, Sarang
nPMRSR, Sarang
nPMRSg, Sarang
nPMRSG, Sarang
nPMRSM, Sarang
nPMRSm, Sarang
nPMRSP, Sarang
nPMRSd, Sarang
nPMRSD, Sarang
nPMRSn, Sarang
nPMRSN, Sarang
nPMgSS, Dhani
nPMgSr, Dhani
nPMgSR, Dhani
nPMgSg, Dhani
nPMgSG, Dhani
nPMgSM, Dhani
nPMgSm, Dhani
nPMgSP, Dhani
nPMgSd, Dhani
nPMgSD, Dhani
nPMgSn, Dhani
nPMgSN, Dhani
nPMgrS, Bhairavi
nPMgRS, Bhimpalasi/Jaunpuri/Asavari/Kafi
nPMGrS, Ahir-Bhairav/Bhairav
nPMGRG, Des/Jhinjoti
nPMGMS, Jog
nPMGMr, Jog
nPMGMR, Jog
nPMGMg, Jog
nPMGMG, Jog
nPMGMM, Jog
nPMGMm, Jog
nPMGMP, Jog
nPMGMd, Jog
nPMGMD, Jog
nPMGMn, Jog
nPMGMN, Jog
nPMPgS, Darbari Kanada
nPMPgr, Darbari Kanada
nPMPgR, Darbari Kanada
nPMPgg, Darbari Kanada
nPMPgG, Darbari Kanada
nPMPgM, Darbari Kanada
nPMPgm, Darbari Kanada
nPMPgP, Darbari Kanada
nPMPgd, Darbari Kanada
nPMPgD, Darbari Kanada
nPMPgn, Darbari Kanada
nPMPgN, Darbari Kanada
nPMPdn, Darbari Kanada
nPmgrS, Todi
nPmGrS, Pooriya Kalyan
nPmGRS, Yaman
nPmGmG, Maru Bihag
nPmPGM, Bihag
nPmPDP, Kedar
nPmPDN, Kedar
nPDgMg, Bageshri
nPDGPG, Deshkar
nPDPMR, Kedar
nPnSgM, Dhani
ndMgSS, Malkauns
ndMgSr, Malkauns
ndMgSR, Malkauns
ndMgSg, Malkauns
ndMgSG, Malkauns
ndMgSM, Malkauns
ndMgSm, Malkauns
ndMgSP, Malkauns
ndMgSd, Malkauns
ndMgSD, Malkauns
ndMgSn, Malkauns
ndMgSN, Malkauns
ndPMgS, Jaunpuri/Asavari/Bhairavi
ndPMgr, Bhairavi
ndPMgR, Jaunpuri/Asavari
ndPMgg, Jaunpuri/Asavari/Bhairavi
ndPMgG, Jaunpuri/Asavari/Bhairavi
ndPMgM, Asavari/Bhairavi
ndPMgm, Jaunpuri/Asavari/Bhairavi
ndPMgP, Jaunpuri/Asavari/Bhairavi
ndPMgd, Jaunpuri/Asavari/Bhairavi
ndPMgD, Jaunpuri/Asavari/Bhairavi
ndPMgn, Jaunpuri/Asavari/Bhairavi
ndPMgN, Jaunpuri/Asavari/Bhairavi
ndPMGr, Bhairav
ndnPMP, Darbari Kanada
nDRSRG, Bhoopali
nDgMgR, Bageshri
nDGPGR, Deshkar
nDMGmG, Hindol
nDMPDg, Bageshri
nDmGrS, Marwa
nDPGRS, Bhoopali
nDPMRS, Durga/Kedar
nDPMgS, Bhimpalasi/Kafi
nDPMgr, Bhimpalasi/Kafi
nDPMgR, Bhimpalasi/Kafi
nDPMgg, Bhimpalasi/Kafi
nDPMgG, Bhimpalasi/Kafi
nDPMgM, Bhimpalasi/Kafi
nDPMgm, Bhimpalasi/Kafi
nDPMgP, Bhimpalasi/Kafi
nDPMgd, Bhimpalasi/Kafi
nDPMgD, Bhimpalasi/Kafi
nDPMgn, Bhimpalasi/Kafi
nDPMgN, Bhimpalasi/Kafi
nDPMGS, Jhinjoti
nDPMGr, Ahir-Bhairav
nDPMGR, Des/Jhinjoti
nDPMGg, Des/Ahir-Bhairav/Jhinjoti
nDPMGG, Des/Ahir-Bhairav/Jhinjoti
nDPMGM, Ahir-Bhairav
nDPMGm, Des/Ahir-Bhairav/Jhinjoti
nDPMGP, Des/Ahir-Bhairav/Jhinjoti
nDPMGd, Des/Ahir-Bhairav/Jhinjoti
nDPMGD, Des/Ahir-Bhairav/Jhinjoti
nDPMGn, Des/Ahir-Bhairav/Jhinjoti
nDPMGN, Des
nDPmRS, Saraswati
nDPmRr, Saraswati
nDPmRR, Saraswati
nDPmRg, Saraswati
nDPmRG, Saraswati
nDPmRM, Saraswati
nDPmRm, Saraswati
nDPmRP, Saraswati
nDPmRd, Saraswati
nDPmRD, Saraswati
nDPmRn, Saraswati
nDPmRN, Saraswati
nDPmgr, Todi
nDPmGr, Pooriya Kalyan
nDPmGR, Yaman
nDPmGm, Maru Bihag
nDPmPG, Bihag
nDPmPD, Kedar
nDPDGP, Deshkar
nnSgMP, Bhimpalasi/Dhani
nnPMRS, Sarang
nnPMgS, Dhani
nnPMGM, Jog
nnPMPg, Darbari Kanada
nndMgS, Malkauns
nndPMg, Jaunpuri/Asavari/Bhairavi
nnDPMg, Bhimpalasi/Kafi
nnDPMG, Des/Ahir-Bhairav/Jhinjoti
nnDPmR, Saraswati
nNSRMP, Des
nNSGMP, Bihag
nNrGmD, Pooriya Kalyan/Marwa
nNRGmD, Yaman
nNPGRS, Hamsadhwani
nNdMgS, Chandrakauns
nNdPMG, Bhairav
nNDMGm, Hindol
nNDMPD, Bageshri
nNDmGr, Marwa
nNDPmg, Todi
nNDPmG, Yaman/Pooriya Kalyan/Maru Bihag
nNDPmP, Bihag/Kedar
NSrgMP, Bhairavi
NSrgmP, Todi
NSrGMP, Bhairav
NSRgMP, Asavari/Darbari Kanada/Kafi
NSRGRS, Bhoopali
NSRGPD, Bhoopali/Deshkar
NSRGPN, Hamsadhwani
NSRMPS, Des
NSRMPr, Des
NSRMPR, Des
NSRMPg, Des
NSRMPG, Des
NSRMPM, Des
NSRMPm, Des
NSRMPP, Des
NSRMPd, Des/Jaunpuri
NSRMPD, Des/Durga/Jhinjoti
NSRMPn, Des
NSRMPN, Des
NSRmPD, Saraswati
NSgMPn, Bhimpalasi/Dhani
NSgMdn, Malkauns
NSgMdN, Chandrakauns
NSgMDn, Bageshri
NSGMGR, Bihag
NSGMPS, Bihag
NSGMPr, Bihag
NSGMPR, Bihag
NSGMPg, Bihag
NSGMPG, Bihag
NSGMPM, Bihag
NSGMPm, Bihag
NSGMPP, Bihag
NSGMPd, Bihag
NSGMPD, Bihag
NSGMPn, Jog/Bihag
NSGMPN, Bihag
NSGmPN, Maru Bihag
NSGmDN, Hindol
NSMGPm, Kedar
NSdnPM, Darbari Kanada
NSDPGR, Bhoopali
NSDPMR, Durga
NSDPDG, Deshkar
NSnPMR, Sarang
NSnPMg, Dhani
NSnPMG, Jog
NSndMg, Malkauns
NSndPM, Jaunpuri/Asavari/Bhairavi
NSnDPM, Des
NSnDPm, Saraswati
NSNPGR, Hamsadhwani
NSNdMg, Chandrakauns
NSNdPM, Bhairav
NSNDMG, Hindol
NSNDMP, Bageshri
NSNDmG, Marwa
NSNDPm, Yaman/Pooriya Kalyan/Maru Bihag/Bihag/Todi/Kedar
NrgMPd, Bhairavi
NrgmPd, Todi
NrGMPd, Bhairav
NrGMPD, Ahir-Bhairav
NrGmrG, Pooriya Kalyan
NrGmDS, Pooriya Kalyan/Marwa
NrGmDr, Pooriya Kalyan/Marwa
NrGmDR, Pooriya Kalyan/Marwa
NrGmDg, Pooriya Kalyan/Marwa
NrGmDG, Pooriya Kalyan/Marwa
NrGmDM, Pooriya Kalyan/Marwa
NrGmDm, Marwa
NrGmDP, Pooriya Kalyan
NrGmDd, Pooriya Kalyan/Marwa
NrGmDD, Pooriya Kalyan/Marwa
NrGmDn, Pooriya Kalyan/Marwa
NrGmDN, Pooriya Kalyan/Marwa
NRSRGR, Bhoopali
NRgMPd, Asavari/Darbari Kanada
NRgMPD, Kafi
NRGmDS, Yaman
NRGmDr, Yaman
NRGmDR, Yaman
NRGmDg, Yaman
NRGmDG, Yaman
NRGmDM, Yaman
NRGmDm, Yaman
NRGmDP, Yaman
NRGmDd, Yaman
NRGmDD, Yaman
NRGmDn, Yaman
NRGmDN, Yaman
NRGPDS, Bhoopali/Deshkar
NRGPNS, Hamsadhwani
NRMPdn, Jaunpuri
NRMPDS, Durga/Jhinjoti
NRMPNS, Des/Sarang
NRmPDS, Saraswati
NgMgRS, Bageshri
NgMPdn, Asavari/Darbari Kanada/Bhairavi
NgMPDn, Kafi
NgMPnS, Bhimpalasi/Dhani
NgMdnS, Malkauns
NgMdNS, Chandrakauns
NgMDnS, Bageshri
NgmPdN, Todi
NGRGNS, Des
NGMGRS, Bihag
NGMPdN, Bhairav
NGMPDn, Ahir-Bhairav
NGMPnS, Jog
NGMPNS, Bihag
NGmGRS, Maru Bihag
NGmPNS, Maru Bihag
NGmDNS, Hindol/Yaman/Pooriya Kalyan/Marwa
NGPGRS, Deshkar
NGPmPD, Kedar
NMGRGS, Jhinjoti
NMGRGN, Des
NMGMgS, Jog
NMGmGS, Hindol
NMGPmP, Kedar
NMPgMR, Darbari Kanada
NMPdnS, Jaunpuri/Asavari/Darbari Kanada/Bhairavi
NMPdNS, Bhairav
NMPDgM, Bageshri
NMPDnS, Ahir-Bhairav/Kafi
NmGmGR, Maru Bihag
NmPGMG, Bihag
NmPdNS, Todi
NmPDPM, Kedar
NmPDNS, Kedar
NPRGRS, Bhoopali
NPgMRS, Darbari Kanada
NPGRSS, Hamsadhwani
NPGRSr, Hamsadhwani
NPGRSR, Hamsadhwani
NPGRSg, Hamsadhwani
NPGRSG, Hamsadhwani
NPGRSM, Hamsadhwani
NPGRSm, Hamsadhwani
NPGRSP, Hamsadhwani
NPGRSd, Hamsadhwani
NPGRSD, Hamsadhwani
NPGRSn, Hamsadhwani
NPGRSN, Hamsadhwani
NPGMGR, Bihag
NPMgrS, Bhairavi
NPMgRS, Bhimpalasi/Jaunpuri/Asavari/Kafi
NPMGrS, Ahir-Bhairav/Bhairav
NPMGRG, Des/Jhinjoti
NPMGMg, Jog
NPMPgM, Darbari Kanada
NPmgrS, Todi
NPmGrS, Pooriya Kalyan
NPmGRS, Yaman
NPmGmG, Maru Bihag
NPmPGM, Bihag
NPmPDP, Kedar
NPmPDN, Kedar
NPDgMg, Bageshri
NPDGPG, Deshkar
NPDPMR, Kedar
NPnSgM, Dhani
NdMgSS, Chandrakauns
NdMgSr, Chandrakauns
NdMgSR, Chandrakauns
NdMgSg, Chandrakauns
NdMgSG, Chandrakauns
NdMgSM, Chandrakauns
NdMgSm, Chandrakauns
NdMgSP, Chandrakauns
NdMgSd, Chandrakauns
NdMgSD, Chandrakauns
NdMgSn, Chandrakauns
NdMgSN, Chandrakauns
NdPMgr, Bhairavi
NdPMgR, Jaunpuri/Asavari
NdPMGS, Bhairav
NdPMGr, Bhairav
NdPMGR, Bhairav
NdPMGg, Bhairav
NdPMGG, Bhairav
NdPMGM, Bhairav
NdPMGm, Bhairav
NdPMGP, Bhairav
NdPMGd, Bhairav
NdPMGD, Bhairav
NdPMGn, Bhairav
NdPMGN, Bhairav
NdnPMP, Darbari Kanada
NDRSRG, Bhoopali
NDgMgR, Bageshri
NDGPGR, Deshkar
NDMGmS, Hindol
NDMGmr, Hindol
NDMGmR, Hindol
NDMGmg, Hindol
NDMGmG, Hindol
NDMGmM, Hindol
NDMGmm, Hindol
NDMGmP, Hindol
NDMGmd, Hindol
NDMGmD, Hindol
NDMGmn, Hindol
NDMGmN, Hindol
NDMPDS, Bageshri
NDMPDr, Bageshri
NDMPDR, Bageshri
NDMPDg, Bageshri
NDMPDG, Bageshri
NDMPDM, Bageshri
NDMPDm, Bageshri
NDMPDP, Bageshri
NDMPDd, Bageshri
NDMPDD, Bageshri
NDMPDn, Bageshri
NDMPDN, Bageshri
NDmGrS, Marwa
NDmGrr, Marwa
NDmGrR, Marwa
NDmGrg, Marwa
NDmGrG, Marwa
NDmGrM, Marwa
NDmGrm, Marwa
NDmGrP, Marwa
NDmGrd, Marwa
NDmGrD, Marwa
NDmGrn, Marwa
NDmGrN, Marwa
NDPGRS, Bhoopali
NDPMRS, Kedar
NDPMgR, Bhimpalasi/Kafi
NDPMGr, Ahir-Bhairav
NDPMGR, Des/Jhinjoti
NDPmRS, Saraswati
NDPmgS, Todi
NDPmgr, Todi
NDPmgR, Todi
NDPmgg, Todi
NDPmgG, Todi
NDPmgM, Todi
NDPmgm, Todi
NDPmgP, Todi
NDPmgd, Todi
NDPmgD, Todi
NDPmgn, Todi
NDPmgN, Todi
NDPmGS, Yaman/Pooriya Kalyan/Maru Bihag
NDPmGr, Pooriya Kalyan
NDPmGR, Yaman
NDPmGg, Yaman/Pooriya Kalyan/Maru Bihag
NDPmGG, Yaman/Pooriya Kalyan/Maru Bihag
NDPmGM, Yaman/Pooriya Kalyan/Maru Bihag
NDPmGm, Maru Bihag
NDPmGP, Yaman/Pooriya Kalyan/Maru Bihag
NDPmGd, Yaman/Pooriya Kalyan/Maru Bihag
NDPmGD, Yaman/Pooriya Kalyan/Maru Bihag
NDPmGn, Yaman/Pooriya Kalyan/Maru Bihag
NDPmGN, Yaman/Pooriya Kalyan/Maru Bihag
NDPmPS, Bihag/Kedar
NDPmPr, Bihag/Kedar
NDPmPR, Bihag/Kedar
NDPmPg, Bihag/Kedar
NDPmPG, Bihag
NDPmPM, Kedar
NDPmPm, Bihag/Kedar
NDPmPP, Bihag/Kedar
NDPmPd, Bihag/Kedar
NDPmPD, Kedar
NDPmPn, Bihag/Kedar
NDPmPN, Bihag
NDPDGP, Deshkar
NnSgMP, Bhimpalasi/Dhani
NnPMRS, Sarang
NnPMgS, Dhani
NnPMGM, Jog
NnPMPg, Darbari Kanada
NndMgS, Malkauns
NndPMg, Jaunpuri/Asavari/Bhairavi
NnDPMg, Bhimpalasi/Kafi
NnDPMG, Des/Ahir-Bhairav/Jhinjoti
NnDPmR, Saraswati
NNSRMP, Des
NNSGMP, Bihag
NNrGmD, Pooriya Kalyan/Marwa
NNRGmD, Yaman
NNPGRS, Hamsadhwani
NNdMgS, Chandrakauns
NNdPMG, Bhairav
NNDMGm, Hindol
NNDMPD, Bageshri
NNDmGr, Marwa
NNDPmg, Todi
NNDPmG, Yaman/Pooriya Kalyan/Maru Bihag
NNDPmP, Bihag/Kedar
