SRGSR, Tilakakamod
SRGSP, Tilakakamod
SRGMR, Ramadasimalhar
SRGMG, Charukeshi or Chhayanat or Jaijaivanti
SRGMP, Charukeshi or Chhayanat or Jaijaivanti or Ramadasimalhar
SRGPG, Bhoopali or Deshkar or Hansadhwani or Janasammohini
SRGPD, Bhoopali or Deshkar or Janasammohini or Shuddha Kalyan
SRGPN, Hansadhwani
SRGPm, Shuddha Kalyan
SRMGP, Barawa
SRMPM, Barawa or Vrindavani Sarang or Durga or Gorakh Kalyan or Kafi or Madmaad Sarang or Soora Malhar
SRMPD, Barawa or Des or Durga or Kafi or Soora Malhar or Sorath or Tilakakamod or Jinjhoti
SRMPN, Vrindavani Sarang or Des or Soora Malhar or Sorath or Tilakakamod
SRMPg, Adana or Barawa or Jaunpuri or Nayaki Kanada
SRMPd, Adana or Jaunpuri
SRMPn, Madmaad Sarang or Nayaki Kanada
SRMDM, Gorakh Kalyan
SRMDn, Gorakh Kalyan
SRMgM, Darbari Kanada
SRgRS, Jaijaivanti
SRgMR, Shahanakanada
SRgMP, Kirvani or Shahanakanada
SRgMD, Abhogi or Shahanakanada
SRgMg, Abhogi or Kirvani
SRgPD, Kolahas or Shivaranjani
SRgPg, Kolahas or Shivaranjani
SRgrS, Bhairavi
SRmPG, Kamod or Shyam Kalyan
SRmPM, Shuddha Sarang
SRmPD, Kamod or Saraswati
SRmPN, Kamod or Shuddha Sarang or Shyam Kalyan
SRmPm, Saraswati or Shyam Kalyan
SGRGR, Bilawal
SGRGP, Bilawal
SGMRS, Hameer
SGMGR, Bihag or Bihagda or Nat Bhairav or Tilanga
SGMGM, Nat Bhairav
SGMGr, Paraj or Ramakali
SGMPS, Nand
SGMPG, Bihag or Bihagda or Tilanga
SGMPM, Jog or Khamaj or Mand or Nand or Nat Bhairav
SGMPD, Bihagda or Khamaj or Mand or Nand
SGMPN, Bihag or Bihagda or Tilanga
SGMPm, Bihag
SGMPd, Nat Bhairav
SGMPn, Jog
SGMDM, Bhinna Shadja or Rageshri
SGMDP, Nand
SGMDN, Bhinna Shadja
SGMDn, Rageshri
SGMNS, Hameer
SGMND, Hameer
SGMdP, Jogkauns or Ramakali
SGMdN, Jogkauns or Ramakali
SGMdn, Jogkauns or Ramakali
SGPRG, Shankara
SGPDP, Kalavati
SGPDN, Bilawal
SGPDn, Kalavati
SGPNP, Shankara
SGPND, Shankara
SGmPN, Amritvarshini
SGmPm, Amritvarshini
SGmDN, Hindol or Sohani
SGmDm, Hindol or Sohani
SGmdS, Paraj
SGmdP, Paraj
SGmdN, Paraj
SMRSR, Jinjhoti
SMRSM, Jinjhoti
SMRSn, Jinjhoti
SMRPG, Gaud Malhar
SMRPM, Gaud Malhar
SMRPD, Gaud Malhar
SMRPg, Malhar
SMRPn, Gaud Malhar or Malhar
SMGSM, Jinjhoti
SMGRS, Gaud Malhar
SMGPM, Kedar
SMGPD, Kedar
SMGPN, Kedar
SMGPm, Kedar
SMGmG, Basant or Marubihag
SMGmP, Marubihag
SMGmd, Basant
SMPDn, Jinjhoti
SMPnP, Bahaar
SMPnD, Bahaar or Gaud Malhar
SPDMG, Tilakakamod
SPDMP, Tilakakamod
SDMgR, Abhogi
SDMgM, Abhogi
SDPGR, Bhoopali or Deshkar
SDPGM, Kamod
SDPGP, Bhoopali or Deshkar or Jait
SDPGr, Jait
SDPMR, Durga
SDPMP, Durga
SDPNS, Kamod
SDPgR, Shivaranjani
SDPgP, Shivaranjani
SNSrS, Sohani
SNRGm, Rajakalyan or Yaman or Yaman Kalyan
SNPGR, Hansadhwani or Shankara
SNPGP, Hansadhwani or Shankara
SNPmG, Amritvarshini
SNPmP, Amritvarshini
SNDMG, Bhinna Shadja
SNDMD, Bhinna Shadja
SNDPS, Nand
SNDPG, Bihag or Bihagda or Hameer or Shyam Kalyan
SNDPM, Kedar or Mand or Nand or Patadeep or Shuddha Sarang
SNDPD, Bihagda or Kedar or Mand or Nand or Shuddha Kalyan
SNDPN, Bihag or Bihagda or Kedar or Madhuvanti or Marubihag or Patadeep or Shuddha Sarang or Shyam Kalyan
SNDPm, Bihag or Hameer or Kedar or Madhuvanti or Marubihag or Shuddha Kalyan or Shyam Kalyan or Yaman or Yaman Kalyan
SNDNS, Hameer
SNDmG, Hindol or Pooriya or Rajakalyan or Sohani
SNDmD, Hindol or Pooriya or Rajakalyan or Sohani
SNDmr, Pooriya
SNDnD, Bilawal or Chhayanat
SNrGM, Lalat
SNrGm, Pooriya or Poorvi
SNdMg, Chandrakauns
SNdMd, Chandrakauns
SNdPG, Ramakali
SNdPM, Bhairav or Jogiya or Kalingada or Kirvani or Nat Bhairav
SNdPN, Multani
SNdPm, Basant or Multani or Paraj or Poorvi or Ramakali or Todi
SNdPd, Bhairav or Jogiya or Kalingada or Kirvani or Nat Bhairav or Ramakali
SNdNd, Paraj
SNdmg, Gujari Todi
SNdmd, Gujari Todi or Lalat
SNdnd, Jogkauns
SrGMG, Ahir Bhairav or Bhairav or Bhatiyar or Kalingada
SrGMP, Ahir Bhairav or Bhairav or Kalingada
SrGPG, Bibhas or Jait
SrGPD, Jait
SrGPd, Bibhas
SrMPM, Bairagi or Gunakali or Jogiya
SrMPd, Gunakali or Jogiya
SrMPn, Bairagi
SrNDP, Bhatiyar
SrNdP, Shree
SrgMD, Parameshwari
SrgMg, Parameshwari
SrgPD, Salag Varali
SrgPg, Bhoopali Todi or Salag Varali
SrgPd, Bhoopali Todi or Bilaskhani Todi
Srgmg, Gujari Todi or Todi
Srgmd, Gujari Todi or Todi
SrmPN, Shree
SrmPd, Shree
SrndM, Bilaskhani Todi
SgMPM, Bhimpalasi or Dhani or Patadeep
SgMPN, Patadeep
SgMPg, Bhimpalasi
SgMPn, Bhimpalasi or Dhani
SgMDM, Bageshree or Bageshrikauns
SgMDn, Bageshree or Bageshrikauns
SgMrS, Bhairavi
SgMdM, Chandrakauns or Malkauns
SgMdP, Bhairavi
SgMdN, Chandrakauns
SgMdn, Bhairavi or Malkauns
SgmPN, Madhuvanti or Multani
SgmPm, Madhukauns or Madhuvanti or Multani
SgmPn, Madhukauns
SdPGP, Bibhas
SdPGr, Bibhas
SdPMP, Gunakali
SdPMr, Gunakali
SdPgP, Bhoopali Todi
SdPgr, Bhoopali Todi
SdnPg, Adana
SdnPd, Adana
SnSRg, Bhairavi
SnSgM, Bhimpalasi
SnPGR, Gaud Malhar or Tilanga
SnPGM, Tilanga
SnPGP, Gaud Malhar
SnPMR, Vrindavani Sarang or Madmaad Sarang
SnPMG, Jog
SnPMM, Bairagi
SnPMP, Bairagi or Vrindavani Sarang or Dhani or Jog or Madmaad Sarang
SnPMr, Bairagi
SnPMg, Dhani
SnPgM, Bahaar or Darbari Kanada or Malhar or Nayaki Kanada or Ramadasimalhar or Shahanakanada
SnPmP, Madhukauns
SnPmg, Madhukauns
SnDMR, Gorakh Kalyan or Jinjhoti
SnDMG, Des or Rageshri or Jinjhoti
SnDMP, Bageshree or Des or Gorakh Kalyan or Soora Malhar or Jinjhoti
SnDMD, Bageshree or Bageshrikauns or Gorakh Kalyan or Parameshwari or Rageshri
SnDMg, Bageshree or Bageshrikauns or Parameshwari
SnDPG, Janasammohini or Kalavati
SnDPM, Ahir Bhairav or Barawa or Bhimpalasi or Jaijaivanti or Kafi or Khamaj or Soora Malhar
SnDPD, Ahir Bhairav or Barawa or Janasammohini or Kafi or Kalavati or Khamaj or Kolahas or Salag Varali or Saraswati or Soora Malhar or Sorath
SnDPN, Jaijaivanti or Soora Malhar or Sorath
SnDPg, Barawa or Bhimpalasi or Kolahas or Salag Varali
SnDPm, Saraswati
SnDPn, Bhimpalasi
SnDNS, Bahaar or Gaud Malhar or Malhar or Ramadasimalhar
SndMg, Malkauns
SndMd, Malkauns
SndPM, Bhairavi or Charukeshi
SndPg, Bhairavi or Jaunpuri
SndPd, Charukeshi or Jaunpuri
SndnS, Darbari Kanada
SndnP, Darbari Kanada
Sndnd, Darbari Kanada
RSRGM, Charukeshi or Chhayanat or Jaijaivanti or Ramadasimalhar
RSRGP, Bhoopali or Deshkar or Hansadhwani or Janasammohini or Shuddha Kalyan
RSRMP, Adana or Barawa or Vrindavani Sarang or Durga or Jaunpuri or Kafi or Madmaad Sarang or Nayaki Kanada or Soora Malhar or Sorath or Jinjhoti
RSRMD, Gorakh Kalyan
RSRMg, Darbari Kanada
RSRgM, Abhogi or Kirvani or Shahanakanada
RSRgP, Kolahas or Shivaranjani
RSRmP, Kamod or Saraswati or Shuddha Sarang or Shyam Kalyan
RSGRG, Bilawal
RSGMP, Bihag or Bihagda or Khamaj or Mand or Nand or Nat Bhairav or Tilanga
RSGMD, Rageshri
RSGMN, Hameer
RSGPN, Shankara
RSMRS, Jinjhoti
RSMRP, Gaud Malhar or Malhar
RSMGP, Kedar
RSMGm, Marubihag
RSMPn, Bahaar
RSDMg, Abhogi
RSDPG, Bhoopali or Deshkar or Kamod
RSDPM, Durga
RSDPg, Shivaranjani
RSNPG, Hansadhwani or Shankara
RSNDP, Bihag or Bihagda or Hameer or Kedar or Madhuvanti or Mand or Marubihag or Nand or Patadeep or Shuddha Kalyan or Shuddha Sarang or Shyam Kalyan or Yaman or Yaman Kalyan
RSNDm, Rajakalyan
RSNDn, Bilawal or Chhayanat
RSNdP, Kirvani or Nat Bhairav
RSgMP, Bhimpalasi or Patadeep
RSgMD, Bageshree
RSgmP, Madhuvanti
RSdnP, Adana
RSnPG, Gaud Malhar or Tilanga
RSnPM, Vrindavani Sarang or Madmaad Sarang
RSnPg, Bahaar or Malhar or Nayaki Kanada or Ramadasimalhar or Shahanakanada
RSnDM, Bageshree or Gorakh Kalyan or Rageshri or Jinjhoti
RSnDP, Barawa or Bhimpalasi or Janasammohini or Jaijaivanti or Kafi or Khamaj or Kolahas or Saraswati or Soora Malhar or Sorath
RSndP, Charukeshi or Jaunpuri
RSndn, Darbari Kanada
RGSRG, Tilakakamod
RGSRM, Tilakakamod
RGRSG, Shankara
RGRSN, Shankara
RGRGS, Des
RGRGP, Bilawal
RGRgR, Jaijaivanti
RGMGR, Yaman Kalyan
RGMPM, Charukeshi or Chhayanat or Jaijaivanti
RGMPP, Chhayanat
RGMPD, Chhayanat
RGMPN, Jaijaivanti
RGMPg, Ramadasimalhar
RGMPm, Chhayanat
RGMPd, Charukeshi
RGMPn, Ramadasimalhar
RGPRG, Shankara
RGPDS, Bhoopali or Deshkar or Shuddha Kalyan
RGPDP, Bhoopali or Bilawal or Deshkar or Janasammohini or Shuddha Kalyan
RGPDN, Bilawal
RGPDn, Bilawal or Janasammohini
RGPNS, Hansadhwani
RGPNP, Hansadhwani
RGPND, Shankara
RGmDP, Yaman or Yaman Kalyan
RGmDN, Rajakalyan or Yaman or Yaman Kalyan
RGmDm, Rajakalyan
RMRMP, Gorakh Kalyan
RMGSR, Tilakakamod
RMGSM, Jinjhoti
RMGRG, Des
RMGPM, Barawa
RMGPD, Barawa
RMGPg, Barawa
RMPMR, Gorakh Kalyan
RMPMP, Gorakh Kalyan
RMPMD, Gorakh Kalyan
RMPDS, Barawa or Durga or Kafi or Jinjhoti
RMPDM, Des or Soora Malhar or Jinjhoti
RMPDP, Barawa or Durga or Kafi or Soora Malhar
RMPDn, Barawa or Kafi or Soora Malhar or Jinjhoti
RMPNS, Vrindavani Sarang or Des or Soora Malhar or Sorath or Tilakakamod
RMPgR, Jaunpuri
RMPdM, Jaunpuri
RMPdP, Jaunpuri
RMPdn, Adana or Darbari Kanada or Jaunpuri
RMPnS, Madmaad Sarang or Nayaki Kanada
RMPnP, Madmaad Sarang or Nayaki Kanada
RMDnS, Gorakh Kalyan
RMDnD, Gorakh Kalyan
RMgRS, Barawa or Kafi
RMgMR, Darbari Kanada
RMgMP, Darbari Kanada
RMgMg, Darbari Kanada
RPGPD, Gaud Malhar
RPMGR, Gaud Malhar
RPMPG, Gaud Malhar
RPMPM, Gaud Malhar
RPMPD, Gaud Malhar
RPMPn, Gaud Malhar
RPDPM, Gaud Malhar
RPgMR, Malhar
RPnDN, Gaud Malhar or Malhar
RgRSR, Jaijaivanti
RgRSn, Jaijaivanti
RgMRS, Shahanakanada
RgMPM, Kirvani
RgMPg, Shahanakanada
RgMPd, Kirvani
RgMDS, Abhogi
RgMDM, Abhogi
RgMDn, Shahanakanada
RgMrS, Bhairavi
RgMdn, Bhairavi
RgPDS, Shivaranjani
RgPDP, Kolahas or Shivaranjani
RgPDn, Kolahas
RgrSR, Bhairavi
RgrSg, Bhairavi
RgrSn, Bhairavi
RmPGM, Shyam Kalyan
RmPDS, Saraswati
RmPDP, Kamod or Saraswati
RmPNS, Shuddha Sarang or Shyam Kalyan
RmPND, Shuddha Sarang or Shyam Kalyan
GSRGS, Tilakakamod
GSRMP, Des or Tilakakamod or Jinjhoti
GSGMD, Bhinna Shadja
GSGPD, Kalavati
GSGmP, Amritvarshini
GSGmD, Hindol
GSMRS, Jinjhoti
GSMRM, Jinjhoti
GSPDM, Tilakakamod
GSNPm, Amritvarshini
GSNDM, Bhinna Shadja
GSNDm, Hindol
GSnDM, Des or Jinjhoti
GSnDP, Kalavati
GRGSR, Des
GRGSn, Des
GRGRS, Shankara
GRGMP, Charukeshi or Chhayanat or Jaijaivanti
GRGPM, Bilawal
GRGPD, Bhoopali or Bilawal or Deshkar or Janasammohini or Shuddha Kalyan
GRGPN, Hansadhwani
GRGmD, Rajakalyan or Yaman or Yaman Kalyan
GRMPN, Des
GRPMP, Gaud Malhar
GRgRS, Jaijaivanti
GRgRG, Jaijaivanti
GRgRg, Jaijaivanti
GMRSR, Kamod or Shyam Kalyan
GMRSG, Hameer
GMRSD, Kamod
GMRSN, Hameer or Shyam Kalyan
GMGRS, Bihag or Bihagda or Charukeshi or Chhayanat or Khamaj or Mand or Nat Bhairav or Rageshri or Tilanga or Yaman Kalyan
GMGRG, Yaman Kalyan
GMGRg, Jaijaivanti
GMGMG, Ahir Bhairav or Bhairav or Nat Bhairav
GMGMP, Ahir Bhairav or Bhairav or Nat Bhairav
GMGMD, Nand
GMGPG, Bhatiyar
GMGrS, Ahir Bhairav or Bhairav or Kalingada or Lalat or Paraj or Poorvi or Ramakali
GMGrG, Ahir Bhairav or Bhairav or Poorvi
GMPDP, Ahir Bhairav or Khamaj or Mand or Nand
GMPDN, Mand or Nand
GMPDn, Ahir Bhairav or Khamaj
GMPNS, Bihag or Bihagda or Jaijaivanti or Tilanga
GMPND, Bihag or Bihagda
GMPmP, Chhayanat
GMPmD, Chhayanat
GMPdP, Bhairav or Charukeshi or Kalingada or Nat Bhairav
GMPdN, Bhairav or Kalingada or Nat Bhairav
GMPdn, Charukeshi
GMPnS, Jog
GMPnP, Jog or Ramadasimalhar
GMPnD, Ramadasimalhar
GMDPS, Nand
GMDPM, Nand
GMDPD, Nand
GMDNS, Bhinna Shadja
GMDND, Bhinna Shadja
GMDnS, Rageshri
GMDnD, Rageshri
GMNDP, Hameer
GMNDN, Hameer
GMdNS, Jogkauns or Lalat or Ramakali
GMdNd, Jogkauns or Ramakali
GPRGR, Shankara
GPRGP, Shankara
GPGRS, Bhoopali or Deshkar or Hansadhwani or Janasammohini
GPGPR, Shankara
GPGPD, Gaud Malhar
GPGrS, Bhatiyar or Bibhas or Jait
GPGrG, Bhatiyar
GPGrN, Bhatiyar
GPMRS, Kedar
GPMGR, Bilawal or Gaud Malhar
GPMGP, Bhatiyar
GPMPn, Gaud Malhar
GPMgR, Barawa
GPDSR, Bhoopali or Deshkar or Shuddha Kalyan
GPDSD, Bhoopali or Deshkar or Jait
GPDSN, Shuddha Kalyan
GPDSr, Jait
GPDPG, Gaud Malhar
GPDPM, Gaud Malhar or Kedar
GPDPD, Gaud Malhar
GPDPn, Gaud Malhar
GPDNS, Bilawal
GPDND, Bilawal
GPDnS, Janasammohini or Kalavati
GPDnD, Barawa or Janasammohini or Kalavati
GPNSR, Hansadhwani
GPNSN, Hansadhwani
GPNDS, Shankara
GPgRM, Barawa
GPmGR, Shuddha Kalyan
GPmPM, Kedar
GPmPD, Kedar
GPmPN, Kedar
GPmPm, Kedar
GPdSr, Bibhas
GPdSd, Bibhas
GPnDN, Gaud Malhar
GrSND, Pooriya
GrGMP, Ahir Bhairav or Bhairav or Kalingada
GrGPD, Jait
GrGPd, Bibhas
GrGrS, Pooriya
GrGmD, Marwa or Pooriya
GrGmd, Pooriya Dhanashree or Poorvi
GrMPd, Jogiya
GrNDP, Bhatiyar
GrNDm, Marwa
GrNdP, Pooriya Dhanashree or Shree
GrmPN, Shree
GmGRS, Marubihag or Rajakalyan or Yaman
GmGMG, Paraj or Poorvi or Yaman Kalyan
GmGrS, Basant or Marwa or Pooriya Dhanashree or Sohani
GmGmG, Basant
GmGmr, Pooriya
GmGmd, Basant
GmPNS, Amritvarshini or Marubihag
GmPNP, Amritvarshini
GmPND, Marubihag
GmDNS, Hindol or Rajakalyan or Sohani or Yaman or Yaman Kalyan
GmDNR, Rajakalyan or Yaman or Yaman Kalyan
GmDND, Hindol or Marwa or Pooriya or Rajakalyan or Sohani or Yaman or Yaman Kalyan
GmDNr, Marwa or Pooriya
GmrGr, Pooriya
GmrGm, Pooriya
GmdNS, Basant or Pooriya Dhanashree or Poorvi
GmdNr, Pooriya Dhanashree or Poorvi
GmdNd, Basant or Paraj or Pooriya Dhanashree or Poorvi
MRGMP, Ramadasimalhar
MRMPM, Gorakh Kalyan
MRMPD, Durga or Soora Malhar or Jinjhoti
MRMPN, Vrindavani Sarang or Sorath
MRMPd, Adana
MRMPn, Madmaad Sarang or Nayaki Kanada
MRMDn, Gorakh Kalyan
MRMgM, Darbari Kanada
MRPMR, Gaud Malhar
MRPMG, Gaud Malhar
MRPMP, Gaud Malhar
MRPnP, Malhar
MRPnD, Malhar
MRgMP, Shahanakanada
MRmPD, Kamod
MRmPN, Shuddha Sarang or Shyam Kalyan
MGSRG, Tilakakamod
MGSRM, Tilakakamod
MGSMR, Jinjhoti
MGSMG, Jinjhoti
MGSMP, Jinjhoti
MGRSR, Charukeshi or Chhayanat
MGRSG, Bihag or Bihagda or Bilawal or Khamaj or Mand or Nat Bhairav or Rageshri or Tilanga
MGRSM, Gaud Malhar
MGRSN, Bihag or Bihagda or Bilawal or Chhayanat or Mand or Nat Bhairav or Yaman Kalyan
MGRSn, Charukeshi or Gaud Malhar or Khamaj or Rageshri or Tilanga
MGRGS, Des
MGRGR, Des
MGRGP, Bilawal
MGRgR, Jaijaivanti
MGMGR, Bihag or Bihagda or Nat Bhairav or Tilanga or Yaman Kalyan
MGMGM, Ahir Bhairav or Bhairav or Nat Bhairav
MGMGr, Ahir Bhairav or Bhairav or Paraj or Poorvi or Ramakali
MGMPD, Ahir Bhairav or Khamaj or Mand or Nand
MGMPN, Bihag or Bihagda or Jaijaivanti or Tilanga
MGMPm, Chhayanat
MGMPd, Bhairav or Charukeshi or Kalingada or Nat Bhairav
MGMPn, Jog
MGMDP, Nand
MGMDN, Bhinna Shadja or Nand
MGMDn, Rageshri
MGMdN, Jogkauns or Ramakali
MGPGM, Bhatiyar
MGPGP, Bhatiyar
MGPGr, Bhatiyar
MGPMG, Barawa
MGPMP, Barawa
MGPMg, Barawa
MGPDP, Gaud Malhar
MGPDN, Bilawal
MGPmP, Kedar
MGrSG, Paraj or Ramakali
MGrSN, Bhairav or Jogiya or Kalingada or Lalat or Paraj or Poorvi or Ramakali
MGrSr, Ahir Bhairav or Bhairav or Jogiya or Kalingada
MGrSn, Ahir Bhairav
MGmGr, Basant
MGmGm, Basant
MGmPN, Marubihag
MGmPm, Marubihag
MGmDN, Yaman Kalyan
MGmdP, Basant
MGmdN, Basant or Paraj or Poorvi
MMMrS, Bairagi
MMPnS, Bairagi
MMrSr, Bairagi
MMrSn, Bairagi
MPGMG, Bihag or Bihagda or Tilanga
MPGPD, Gaud Malhar
MPMRS, Vrindavani Sarang or Durga or Gorakh Kalyan or Madmaad Sarang or Nand or Soora Malhar
MPMRM, Gorakh Kalyan
MPMGR, Charukeshi or Chhayanat or Gaud Malhar or Jaijaivanti or Khamaj or Mand
MPMGM, Ahir Bhairav or Bhairav or Nand or Nat Bhairav
MPMGr, Jogiya or Kalingada
MPMMr, Bairagi
MPMPg, Bhairavi or Bhimpalasi
MPMPn, Gaud Malhar
MPMrS, Gunakali
MPMgS, Dhani
MPMgR, Barawa or Kafi or Kirvani or Patadeep
MPPmD, Chhayanat
MPDSR, Durga
MPDSD, Durga
MPDMR, Sorath
MPDMG, Des or Tilakakamod
MPDMP, Bageshree or Des
MPDMD, Bageshree
MPDMg, Bageshree
MPDPM, Gaud Malhar
MPDNS, Chhayanat or Mand
MPDNP, Nand
MPDND, Mand or Nand
MPDnS, Ahir Bhairav or Khamaj
MPDnD, Ahir Bhairav or Barawa or Bihagda or Kafi or Khamaj or Soora Malhar or Jinjhoti
MPNSR, Vrindavani Sarang or Des or Jaijaivanti or Soora Malhar or Sorath or Tilakakamod
MPNSG, Bihag or Bihagda or Tilanga
MPNSP, Tilakakamod
MPNSN, Bihag or Bihagda or Patadeep
MPNSg, Patadeep
MPNSn, Vrindavani Sarang or Des or Jaijaivanti or Soora Malhar or Sorath or Tilanga
MPgRS, Bhimpalasi or Jaunpuri
MPgRM, Barawa or Jaunpuri
MPgMR, Adana or Bahaar or Darbari Kanada or Nayaki Kanada or Ramadasimalhar or Shahanakanada
MPgMP, Bhairavi or Shahanakanada
MPgMD, Shahanakanada
MPgMr, Bhairavi
MPgMd, Bhairavi
MPmPG, Bihag
MPmPM, Chhayanat
MPmPP, Chhayanat
MPmPD, Chhayanat
MPmPm, Chhayanat
MPmDP, Chhayanat
MPdSN, Jogiya
MPdSr, Gunakali or Jogiya
MPdSd, Gunakali
MPdMP, Jaunpuri
MPdNS, Bhairav or Kalingada or Kirvani or Nat Bhairav
MPdNd, Bhairav or Kalingada or Kirvani or Nat Bhairav
MPdnS, Adana or Charukeshi or Darbari Kanada or Jaunpuri
MPdnP, Adana or Darbari Kanada
MPdnd, Charukeshi or Darbari Kanada or Jaunpuri
MPnSR, Madmaad Sarang or Nayaki Kanada
MPnSG, Jog
MPnSr, Bairagi
MPnSg, Bhimpalasi or Dhani
MPnSn, Bairagi or Bhimpalasi or Dhani or Jog or Madmaad Sarang or Nayaki Kanada
MPnDP, Gaud Malhar
MPnDN, Bahaar or Gaud Malhar or Ramadasimalhar
MDMRM, Gorakh Kalyan
MDMGS, Bhinna Shadja
MDMGR, Rageshri
MDMPD, Bageshree
MDMgS, Bageshrikauns
MDMgR, Abhogi or Bageshree
MDMgr, Parameshwari
MDPMR, Nand
MDPMG, Nand
MDPMP, Nand
MDPMD, Nand
MDNSG, Bhinna Shadja
MDNSN, Bhinna Shadja
MDNPS, Nand
MDnSR, Gorakh Kalyan or Shahanakanada
MDnSG, Rageshri
MDnSr, Parameshwari
MDnSg, Bageshree or Bageshrikauns
MDnSn, Bageshree or Bageshrikauns or Gorakh Kalyan or Parameshwari or Rageshri or Shahanakanada
MNDPm, Hameer
MNDNS, Hameer
MNDND, Hameer
MrMPd, Gunakali
MrMPn, Bairagi
MgRSR, Abhogi or Barawa or Kafi or Kirvani
MgRSD, Abhogi
MgRSN, Kirvani or Patadeep
MgRSg, Bageshree or Patadeep
MgRSn, Bageshree or Barawa or Kafi
MgRMG, Barawa
MgRMP, Barawa
MgMRS, Darbari Kanada
MgMPN, Patadeep
MgMPg, Darbari Kanada
MgMPd, Darbari Kanada or Kirvani
MgMPn, Dhani
MgMDS, Abhogi
MgMDn, Bageshree or Bageshrikauns or Parameshwari
MgMdN, Chandrakauns
MgMdn, Malkauns
MgPdS, Bilaskhani Todi
MgrSr, Bilaskhani Todi or Parameshwari
MgrSn, Parameshwari
MdMgS, Chandrakauns or Malkauns
MdPGM, Ramakali
MdPMG, Jogkauns
MdPMP, Bhairavi
MdPmP, Ramakali
MdNSG, Jogkauns or Ramakali
MdNSN, Chandrakauns or Jogkauns or Lalat or Ramakali
MdNSg, Chandrakauns
Mdmdm, Lalat
MdnSR, Bhairavi
MdnSg, Bhairavi or Malkauns
MdnSn, Bhairavi or Malkauns
MdndP, Jogkauns or Ramakali
PSGMP, Nand
PSNDP, Nand
PRGRS, Shankara
PRGRG, Shankara
PGRSR, Bhoopali or Deshkar or Hansadhwani or Janasammohini
PGRSD, Bhoopali or Deshkar
PGRSN, Hansadhwani
PGRSn, Janasammohini
PGMRS, Hameer or Kamod or Shyam Kalyan
PGMRm, Kamod or Shyam Kalyan
PGMGR, Bihag or Bihagda or Tilanga
PGMGM, Bihag or Bihagda or Ramakali or Tilanga
PGMGr, Ramakali
PGMPN, Bihag or Bihagda or Tilanga
PGMND, Hameer
PGMdN, Ramakali
PGPRS, Shankara
PGPRG, Shankara
PGPGr, Bhatiyar
PGPDS, Bhoopali or Deshkar or Jait
PGPDP, Gaud Malhar
PGPDN, Gaud Malhar
PGPDn, Janasammohini or Kalavati
PGPNS, Hansadhwani
PGPND, Shankara
PGPdS, Bibhas
PGrSD, Jait
PGrSr, Bhatiyar or Bibhas or Jait
PGrSd, Bibhas
PMRSR, Vrindavani Sarang or Durga or Gorakh Kalyan or Madmaad Sarang or Shuddha Sarang or Soora Malhar
PMRSG, Nand
PMRSM, Kedar
PMRSD, Durga
PMRSN, Kedar or Nand or Shuddha Sarang
PMRSn, Vrindavani Sarang or Gorakh Kalyan or Madmaad Sarang or Soora Malhar
PMRMP, Gorakh Kalyan
PMRMD, Gorakh Kalyan
PMRPM, Gaud Malhar
PMGRS, Bilawal or Charukeshi or Chhayanat or Gaud Malhar or Jaijaivanti or Khamaj or Mand or Nat Bhairav
PMGRG, Bilawal or Charukeshi or Chhayanat or Jaijaivanti
PMGRP, Gaud Malhar
PMGRg, Jaijaivanti
PMGMR, Nand
PMGMG, Ahir Bhairav or Bhairav or Nand or Nat Bhairav
PMGMP, Ahir Bhairav or Bhairav or Nand or Nat Bhairav
PMGMD, Nand
PMGPG, Bhatiyar
PMGPM, Barawa or Bhatiyar
PMGPm, Kedar
PMGrS, Ahir Bhairav or Bhairav or Jogiya or Kalingada
PMGrG, Kalingada
PMGrM, Jogiya
PMMrS, Bairagi
PMMrM, Bairagi
PMPMR, Gorakh Kalyan
PMPDS, Durga
PMPDN, Mand or Nand
PMPDn, Ahir Bhairav or Barawa or Kafi or Khamaj or Soora Malhar
PMPNS, Vrindavani Sarang or Jaijaivanti or Patadeep or Soora Malhar
PMPgR, Bhimpalasi
PMPgM, Bhairavi or Bhimpalasi
PMPgr, Bhairavi
PMPmP, Chhayanat
PMPdS, Gunakali or Jogiya
PMPdN, Bhairav or Kalingada or Kirvani or Nat Bhairav
PMPdn, Charukeshi
PMPnS, Bairagi or Bhimpalasi or Dhani or Jog or Madmaad Sarang
PMPnP, Gaud Malhar
PMPnD, Gaud Malhar
PMDPM, Nand
PMDnS, Gorakh Kalyan
PMrSr, Gunakali
PMrSd, Gunakali
PMgSg, Dhani
PMgSn, Dhani
PMgRS, Barawa or Kafi or Kirvani or Patadeep
PMgRM, Barawa or Kafi
PMgRg, Kirvani
PMdNS, Jogkauns
PMdnS, Bhairavi
PPMGR, Chhayanat
PPPmD, Chhayanat
PPDNS, Chhayanat
PPmPM, Chhayanat
PPmPD, Chhayanat
PPmDP, Chhayanat
PPmDN, Chhayanat
PPmDn, Chhayanat
PDMRS, Sorath
PDMRM, Sorath
PDMGS, Des or Tilakakamod or Jinjhoti
PDMGR, Des
PDMPD, Bageshree or Des
PDMPN, Des or Soora Malhar
PDMgR, Bageshree
PDMgM, Bageshree
PDPGS, Kalavati
PDPGR, Bhoopali or Deshkar or Janasammohini
PDPGM, Bihagda or Kamod
PDPGr, Jait
PDPMR, Durga or Gaud Malhar or Kedar or Nand or Soora Malhar
PDPMG, Ahir Bhairav or Bilawal or Gaud Malhar or Kedar or Khamaj or Mand or Nand
PDPMP, Gaud Malhar
PDPMg, Kafi
PDPPm, Chhayanat
PDPDM, Sorath
PDPDn, Bihagda
PDPNS, Kamod
PDPgR, Barawa or Kolahas or Shivaranjani
PDPgr, Salag Varali
PDPmR, Saraswati
PDPmG, Shuddha Kalyan
PDPmP, Chhayanat or Kedar
PDNSR, Chhayanat
PDNSG, Bilawal or Mand
PDNSN, Bilawal or Chhayanat or Mand
PDNPS, Nand
PDNPM, Nand
PDNPD, Nand
PDnSR, Janasammohini or Kolahas
PDnSG, Kalavati or Khamaj
PDnSr, Ahir Bhairav or Salag Varali
PDnSn, Ahir Bhairav or Janasammohini or Kalavati or Khamaj or Kolahas or Salag Varali
PDnDS, Barawa or Kafi or Jinjhoti
PDnDM, Soora Malhar or Jinjhoti
PDnDP, Barawa or Bihagda or Bilawal or Chhayanat or Kafi or Soora Malhar
PDnDn, Barawa or Bihagda or Kafi or Soora Malhar or Jinjhoti
PNPGR, Hansadhwani
PNPGP, Shankara
PNPmG, Amritvarshini
PNDSG, Shankara
PNDSN, Shankara
PNDPM, Patadeep or Shuddha Sarang
PNDPD, Bihagda
PNDPm, Bihag or Kedar or Madhuvanti or Marubihag or Shyam Kalyan
PNdPm, Multani
PNdPd, Shree
PgRSR, Jaunpuri or Kolahas or Shivaranjani
PgRSD, Shivaranjani
PgRSg, Bhimpalasi
PgRSn, Bhimpalasi or Jaunpuri or Kolahas
PgRMG, Barawa
PgRMP, Barawa
PgRMg, Barawa
PgMRS, Adana or Bahaar or Darbari Kanada or Malhar or Nayaki Kanada or Ramadasimalhar or Shahanakanada
PgMRG, Ramadasimalhar
PgMRM, Adana or Darbari Kanada or Nayaki Kanada
PgMRP, Malhar
PgMRg, Shahanakanada
PgMPg, Shahanakanada
PgMPd, Darbari Kanada
PgMPn, Bhimpalasi
PgMDn, Shahanakanada
PgMrS, Bhairavi
PgMdn, Bhairavi
PgPDS, Shivaranjani
PgPDn, Kolahas or Salag Varali
PgPdS, Bhoopali Todi
PgrSr, Bhoopali Todi or Salag Varali
PgrSd, Bhoopali Todi
PgrSn, Salag Varali
PmRSR, Saraswati
PmRSn, Saraswati
PmGSG, Amritvarshini
PmGSN, Amritvarshini
PmGRS, Marubihag or Shuddha Kalyan or Yaman
PmGRG, Shuddha Kalyan or Yaman
PmGMG, Paraj or Poorvi or Yaman Kalyan
PmGrS, Basant or Pooriya Dhanashree
PmGrG, Pooriya Dhanashree
PmGrN, Pooriya Dhanashree
PmGmG, Basant
PmGmd, Basant
PmPGR, Bihag
PmPGM, Bihag or Hameer or Shyam Kalyan
PmPMG, Chhayanat
PmPMP, Chhayanat
PmPDS, Saraswati
PmPDP, Chhayanat or Kedar
PmPDN, Chhayanat
PmPDn, Chhayanat
PmPNS, Amritvarshini or Kedar or Madhuvanti or Marubihag or Multani or Shyam Kalyan
PmPND, Kedar
PmPdP, Ramakali
PmPdN, Ramakali
PmPdn, Ramakali
PmPnS, Madhukauns
PmDPM, Chhayanat
PmDPP, Chhayanat
PmDPD, Chhayanat
PmDPm, Chhayanat
PmDNS, Yaman or Yaman Kalyan
PmgSg, Madhukauns
PmgSn, Madhukauns
PmgRS, Madhuvanti
PmgrS, Multani or Todi
Pmgrg, Todi
PmdNS, Basant or Pooriya Dhanashree or Poorvi or Todi
PmdNd, Paraj
PdMPg, Jaunpuri
PdMPd, Jaunpuri
PdMgr, Bilaskhani Todi
PdPGM, Ramakali
PdPGr, Bibhas
PdPMG, Bhairav or Charukeshi or Jogiya or Kalingada or Nat Bhairav
PdPMr, Gunakali
PdPMg, Kirvani
PdPgr, Bhoopali Todi
PdPmP, Ramakali
PdPdM, Jaunpuri
PdPdm, Shree
PdNSR, Kirvani
PdNSG, Nat Bhairav
PdNSN, Bhairav or Kalingada or Kirvani or Nat Bhairav
PdNSr, Bhairav or Kalingada
PdmGr, Shree
PdnSR, Adana or Charukeshi or Darbari Kanada or Jaunpuri
PdnSd, Adana
PdnSn, Charukeshi or Darbari Kanada or Jaunpuri
PdnPg, Adana or Darbari Kanada
PdndP, Ramakali
PdndN, Ramakali
Pdndn, Ramakali
PnSgM, Bhimpalasi
PnPGP, Gaud Malhar
PnPMR, Madmaad Sarang
PnPMG, Jog
PnPMM, Bairagi
PnPMg, Dhani
PnPgM, Bahaar or Malhar or Nayaki Kanada or Ramadasimalhar
PnPmg, Madhukauns
PnDPM, Bhimpalasi
PnDNS, Bahaar or Gaud Malhar or Malhar or Ramadasimalhar
DSRGP, Bhoopali or Deshkar or Shuddha Kalyan
DSRMP, Barawa or Durga or Kafi or Jinjhoti
DSRgM, Abhogi
DSRgP, Shivaranjani
DSRmP, Saraswati
DSGPN, Shankara
DSMRS, Jinjhoti
DSDMg, Abhogi
DSDPG, Bhoopali or Deshkar or Jait
DSDPM, Durga
DSDPg, Shivaranjani
DSNPG, Shankara
DSNDP, Shuddha Kalyan
DSrGP, Jait
DSnDM, Jinjhoti
DSnDP, Barawa or Kafi or Saraswati
DMRSR, Sorath
DMRSn, Sorath
DMRMR, Gorakh Kalyan
DMRMP, Gorakh Kalyan
DMRMD, Gorakh Kalyan
DMGSR, Tilakakamod or Jinjhoti
DMGSG, Bhinna Shadja
DMGSM, Jinjhoti
DMGSP, Tilakakamod
DMGSN, Bhinna Shadja
DMGSn, Jinjhoti
DMGRS, Rageshri
DMGRG, Des
DMGRM, Des
DMPMR, Gorakh Kalyan
DMPDM, Bageshree or Des
DMPDn, Bageshree or Soora Malhar or Jinjhoti
DMPNS, Des or Soora Malhar or Sorath or Tilakakamod
DMDNS, Bhinna Shadja
DMDnS, Bageshree or Bageshrikauns or Gorakh Kalyan or Parameshwari or Rageshri
DMgSg, Bageshrikauns
DMgSn, Bageshrikauns
DMgRS, Abhogi or Bageshree
DMgRg, Abhogi
DMgrS, Parameshwari
DMgrg, Parameshwari
DPGSG, Kalavati
DPGSn, Kalavati
DPGRS, Bhoopali or Deshkar or Janasammohini
DPGRG, Bhoopali or Deshkar or Janasammohini
DPGMR, Hameer or Kamod or Shyam Kalyan
DPGMG, Bihag or Bihagda
DPGMP, Bihagda
DPGPD, Gaud Malhar
DPGrS, Bhatiyar or Jait
DPGrG, Jait
DPMRS, Durga or Kedar or Nand or Shuddha Sarang or Soora Malhar
DPMRM, Durga or Soora Malhar
DPMRm, Shuddha Sarang
DPMGR, Bilawal or Chhayanat or Gaud Malhar or Jaijaivanti or Khamaj or Mand
DPMGM, Ahir Bhairav or Bhatiyar or Jaijaivanti or Khamaj or Mand or Nand
DPMGP, Bhatiyar or Bilawal or Gaud Malhar
DPMGr, Ahir Bhairav or Bhatiyar
DPMPM, Bhimpalasi
DPMPg, Bhimpalasi
DPMPn, Bhimpalasi or Gaud Malhar
DPMgR, Barawa or Kafi or Patadeep
DPMgM, Patadeep
DPPmP, Chhayanat
DPPmD, Chhayanat
DPDMR, Sorath
DPDMP, Sorath
DPDPM, Gaud Malhar or Kedar
DPDPN, Kamod
DPDNS, Bilawal or Chhayanat or Mand
DPDNP, Nand
DPDnS, Ahir Bhairav or Janasammohini or Kalavati or Khamaj or Kolahas or Salag Varali
DPDnD, Barawa or Bihagda or Kafi or Soora Malhar
DPNSR, Kamod
DPNSD, Kamod
DPgRS, Barawa or Bhimpalasi or Kolahas or Shivaranjani
DPgRM, Barawa
DPgRg, Kolahas or Shivaranjani
DPgrS, Salag Varali
DPgrg, Salag Varali
DPmRS, Saraswati
DPmRm, Saraswati
DPmGR, Marubihag or Shuddha Kalyan or Yaman or Yaman Kalyan
DPmGM, Yaman Kalyan
DPmGP, Shuddha Kalyan
DPmGm, Marubihag or Yaman or Yaman Kalyan
DPmPG, Bihag or Hameer or Shyam Kalyan
DPmPM, Chhayanat or Kedar
DPmPP, Chhayanat
DPmPD, Chhayanat or Kedar
DPmPN, Bihag or Kedar or Shyam Kalyan
DPmPm, Bihag or Chhayanat or Hameer or Kedar or Shyam Kalyan
DPmDP, Chhayanat
DPmgR, Madhuvanti
DPmgm, Madhuvanti
DPnDN, Gaud Malhar
DNSrS, Sohani
DNRGm, Rajakalyan or Yaman or Yaman Kalyan
DNPSG, Nand
DNPSN, Nand
DNDMG, Bhinna Shadja
DNDPM, Bhatiyar or Mand or Nand
DNDPm, Hameer or Yaman or Yaman Kalyan
DNDNS, Hameer
DNDmG, Hindol or Marwa or Pooriya or Rajakalyan or Sohani
DNDnD, Bilawal or Chhayanat
DNrSN, Pooriya
DNrGr, Pooriya
DNrGm, Pooriya
DmGSG, Hindol
DmGSN, Hindol
DmGRS, Rajakalyan
DmGRG, Rajakalyan
DmGrS, Marwa or Sohani
DmGrG, Marwa
DmGrN, Marwa
DmGmG, Pooriya
DmGmD, Pooriya
DmGmr, Pooriya
DmDNS, Hindol or Rajakalyan or Sohani
DmDNr, Marwa or Pooriya
DmrGr, Pooriya
DnPgM, Shahanakanada
DnDSR, Barawa or Kafi or Jinjhoti
DnDSM, Jinjhoti
DnDSn, Barawa or Kafi or Jinjhoti
DnDMR, Gorakh Kalyan or Soora Malhar
DnDMG, Rageshri or Jinjhoti
DnDMP, Bageshree or Soora Malhar
DnDMg, Bageshrikauns or Parameshwari
DnDPG, Bihagda or Janasammohini or Kalavati
DnDPM, Ahir Bhairav or Bilawal or Chhayanat or Kafi or Khamaj or Soora Malhar
DnDPP, Chhayanat
DnDPD, Bihagda or Bilawal or Chhayanat
DnDPN, Bihagda
DnDPg, Barawa or Kolahas or Salag Varali
DnDPm, Chhayanat
NSRGS, Tilakakamod
NSRGM, Chhayanat or Jaijaivanti or Ramadasimalhar
NSRGP, Hansadhwani
NSRMP, Vrindavani Sarang or Des or Soora Malhar or Sorath or Tilakakamod
NSRgM, Kirvani
NSRmP, Kamod or Shuddha Sarang or Shyam Kalyan
NSGRG, Bilawal
NSGMP, Bihag or Bihagda or Mand or Nat Bhairav or Tilanga
NSGMD, Bhinna Shadja
NSGMN, Hameer
NSGMd, Jogkauns or Ramakali
NSGmP, Amritvarshini
NSGmD, Hindol or Sohani
NSMRP, Gaud Malhar or Malhar
NSMGP, Kedar
NSMGm, Basant or Marubihag
NSMPn, Bahaar
NSPDM, Tilakakamod
NSDPG, Kamod
NSNPG, Hansadhwani
NSNPm, Amritvarshini
NSNDM, Bhinna Shadja
NSNDP, Bihag or Bihagda or Hameer or Kedar or Madhuvanti or Mand or Marubihag or Patadeep or Shuddha Sarang or Shyam Kalyan or Yaman or Yaman Kalyan
NSNDm, Hindol or Rajakalyan or Sohani
NSNDn, Bilawal or Chhayanat
NSNdM, Chandrakauns
NSNdP, Basant or Bhairav or Kalingada or Kirvani or Multani or Nat Bhairav or Poorvi or Ramakali or Todi
NSNdm, Gujari Todi or Lalat
NSNdn, Jogkauns
NSrSG, Sohani
NSrSN, Sohani
NSrSr, Sohani
NSrGM, Bhairav or Bhatiyar or Kalingada
NSrgm, Gujari Todi or Todi
NSrmP, Shree
NSgMP, Patadeep
NSgMd, Chandrakauns
NSgmP, Madhuvanti or Multani
NSnPG, Gaud Malhar or Tilanga
NSnPM, Vrindavani Sarang
NSnPg, Bahaar or Malhar or Ramadasimalhar
NSnDM, Des
NSnDP, Jaijaivanti or Soora Malhar or Sorath
NRGmG, Rajakalyan or Yaman or Yaman Kalyan
NRGmD, Rajakalyan or Yaman or Yaman Kalyan
NPRGR, Shankara
NPGRS, Hansadhwani
NPGRG, Hansadhwani
NPGPR, Shankara
NPGPG, Shankara
NPGPN, Shankara
NPMRS, Nand
NPMGM, Nand
NPDNP, Nand
NPNDS, Shankara
NPmGS, Amritvarshini
NPmGm, Amritvarshini
NDMGS, Bhinna Shadja
NDMGM, Bhinna Shadja
NDPGM, Bihagda
NDPMR, Kedar or Nand or Shuddha Sarang
NDPMG, Bhatiyar or Bilawal or Mand or Nand
NDPMP, Mand or Nand or Patadeep
NDPMD, Nand
NDPMg, Patadeep
NDPPm, Chhayanat
NDPDP, Bihagda
NDPDn, Bihagda
NDPmG, Marubihag or Shuddha Kalyan or Yaman or Yaman Kalyan
NDPmP, Bihag or Chhayanat or Hameer or Kedar or Madhuvanti or Marubihag or Shyam Kalyan
NDPmD, Yaman or Yaman Kalyan
NDPmg, Madhuvanti
NDNSG, Hameer
NDNSN, Hameer
NDNSr, Sohani
NDNPS, Nand
NDNrS, Marwa or Pooriya
NDmGS, Hindol
NDmGR, Rajakalyan
NDmGr, Marwa or Pooriya or Sohani
NDmGm, Hindol or Marwa or Pooriya or Rajakalyan or Sohani
NDnDP, Bihagda or Bilawal or Chhayanat
NDnDN, Bilawal or Chhayanat
NDnDn, Bilawal or Chhayanat
NrSND, Pooriya
NrGMG, Lalat
NrGMd, Lalat
NrGrS, Pooriya
NrGmG, Pooriya or Pooriya Dhanashree or Poorvi
NrGmD, Marwa or Pooriya
NrGmr, Pooriya
NrGmd, Pooriya Dhanashree or Poorvi
NrNDm, Marwa
NrNdP, Pooriya Dhanashree
NdMgS, Chandrakauns
NdMgM, Chandrakauns
NdPGM, Ramakali
NdPMG, Bhairav or Jogkauns or Jogiya or Kalingada or Nat Bhairav
NdPMP, Bhairav or Jogiya or Kalingada or Kirvani or Nat Bhairav
NdPMg, Kirvani
NdPmG, Basant or Paraj or Pooriya Dhanashree or Poorvi
NdPmP, Multani or Ramakali
NdPmg, Multani or Todi
NdPmd, Basant or Paraj or Pooriya Dhanashree or Poorvi or Todi
NdPdP, Shree
NdPdm, Shree
NdNdS, Paraj
NdNdP, Paraj
NdNdN, Paraj
NdmGr, Shree
Ndmgr, Gujari Todi
Ndmgm, Gujari Todi
NdmdN, Lalat
Ndmdm, Lalat
NdndP, Jogkauns or Ramakali
NdndN, Jogkauns
Ndndn, Jogkauns
rSRgr, Bhairavi
rSGMd, Ramakali
rSGmD, Sohani
rSGmd, Paraj
rSMGm, Basant
rSDPG, Jait
rSNDN, Pooriya
rSNDm, Pooriya or Sohani
rSNdP, Basant or Bhairav or Jogiya or Kalingada or Multani or Poorvi or Ramakali or Todi
rSNdN, Paraj
rSNdm, Gujari Todi or Lalat
rSrGM, Ahir Bhairav or Bhairav or Bhatiyar or Kalingada
rSrGP, Bibhas or Jait
rSrMP, Bairagi or Gunakali or Jogiya
rSrgM, Parameshwari
rSrgP, Bhoopali Todi or Bilaskhani Todi or Salag Varali
rSrgm, Gujari Todi or Todi
rSrmP, Shree
rSgMd, Bhairavi
rSgmP, Multani
rSdPG, Bibhas
rSdPM, Gunakali
rSdPg, Bhoopali Todi
rSnPM, Bairagi
rSnDM, Parameshwari
rSnDP, Ahir Bhairav or Salag Varali
rSndP, Bhairavi
rGMGM, Ahir Bhairav or Bhairav
rGMGr, Ahir Bhairav or Bhairav or Poorvi
rGMPM, Ahir Bhairav or Bhairav or Kalingada
rGMPD, Ahir Bhairav
rGMPd, Bhairav or Kalingada
rGPGr, Bhatiyar
rGPDS, Jait
rGPDP, Jait
rGPdS, Bibhas
rGPdP, Bibhas
rGrSN, Pooriya
rGmDN, Marwa or Pooriya
rGmDm, Marwa or Pooriya
rGmrG, Pooriya
rGmdP, Pooriya Dhanashree or Poorvi
rGmdN, Pooriya Dhanashree or Poorvi
rMGrS, Jogiya
rMMrS, Bairagi
rMPdS, Gunakali or Jogiya
rMPdP, Gunakali or Jogiya
rMPnS, Bairagi
rMPnP, Bairagi
rNDPG, Bhatiyar
rNDPM, Bhatiyar
rNDmG, Marwa
rNDmD, Marwa
rNrGm, Pooriya Dhanashree
rNdPN, Shree
rNdPm, Pooriya Dhanashree
rNdPd, Shree
rgMDM, Parameshwari
rgMDn, Parameshwari
rgPDP, Salag Varali
rgPDn, Salag Varali
rgPdS, Bhoopali Todi or Bilaskhani Todi
rgPdM, Bilaskhani Todi
rgPdP, Bhoopali Todi
rgmdP, Todi
rgmdN, Gujari Todi or Todi
rgmdm, Gujari Todi
rmGrS, Shree
rmPNS, Shree
rmPNd, Shree
rndMg, Bilaskhani Todi
gSGMP, Jog
gSGMd, Jogkauns
gSNdM, Chandrakauns
gSNdn, Jogkauns
gSgMP, Dhani
gSgMD, Bageshrikauns
gSgMd, Chandrakauns or Malkauns
gSgmP, Madhukauns
gSnPM, Dhani or Jog
gSnPm, Madhukauns
gSnDM, Bageshrikauns
gSndM, Malkauns
gRGMP, Jaijaivanti
gRMGP, Barawa
gRMPD, Barawa or Kafi
gRMPd, Jaunpuri
gRgRS, Jaijaivanti
gRgMP, Kirvani
gRgMD, Abhogi
gRgPD, Kolahas or Shivaranjani
gMRSR, Adana or Darbari Kanada or Nayaki Kanada or Ramadasimalhar or Shahanakanada
gMRSM, Bahaar or Malhar
gMRSd, Adana
gMRSn, Bahaar or Darbari Kanada or Malhar or Nayaki Kanada or Ramadasimalhar or Shahanakanada
gMRPn, Malhar
gMPDM, Bageshree
gMPNS, Patadeep
gMPND, Patadeep
gMPgR, Bhimpalasi
gMPgM, Bhairavi or Shahanakanada
gMPdP, Kirvani
gMPdN, Kirvani
gMPdn, Adana or Darbari Kanada
gMPnS, Bhimpalasi or Dhani or Nayaki Kanada
gMPnP, Dhani
gMPnD, Bahaar or Bhimpalasi or Ramadasimalhar
gMDSR, Abhogi
gMDSD, Abhogi
gMDnS, Bageshree or Bageshrikauns or Parameshwari or Shahanakanada
gMDnP, Shahanakanada
gMDnD, Bageshree or Bageshrikauns or Parameshwari
gMrSR, Bhairavi
gMrSg, Bhairavi
gMrSn, Bhairavi
gMgRS, Abhogi or Bageshree or Kirvani or Patadeep
gMgMP, Darbari Kanada
gMgrS, Parameshwari
gMdNS, Chandrakauns
gMdNd, Chandrakauns
gMdnS, Bhairavi or Malkauns
gMdnd, Bhairavi or Malkauns
gPDSR, Shivaranjani
gPDSD, Shivaranjani
gPDnS, Kolahas or Salag Varali
gPDnD, Kolahas or Salag Varali
gPgRS, Kolahas or Shivaranjani
gPgrS, Bhoopali Todi or Salag Varali
gPdSr, Bhoopali Todi or Bilaskhani Todi
gPdSd, Bhoopali Todi
grgMD, Parameshwari
grgPD, Salag Varali
grgPd, Bhoopali Todi or Bilaskhani Todi
grgmd, Gujari Todi or Todi
grndM, Bilaskhani Todi
gmPNS, Madhuvanti or Multani
gmPND, Madhuvanti
gmPNd, Multani
gmPnS, Madhukauns
gmPnP, Madhukauns
gmgRS, Madhuvanti
gmgrS, Gujari Todi or Multani or Todi
gmdNS, Gujari Todi or Todi
gmdNd, Gujari Todi or Todi
mRmPD, Saraswati
mGRSR, Shuddha Kalyan
mGRSM, Marubihag
mGRSN, Marubihag or Rajakalyan or Shuddha Kalyan or Yaman
mGMGR, Yaman Kalyan
mGMGM, Paraj or Poorvi or Yaman Kalyan
mGMGr, Paraj or Poorvi
mGMGm, Paraj or Poorvi or Yaman Kalyan
mGPDS, Shuddha Kalyan
mGrSG, Sohani
mGrSM, Basant
mGrSN, Basant or Sohani
mGrSr, Shree or Sohani
mGmGr, Basant
mGmGm, Basant
mGmPN, Amritvarshini or Marubihag
mGmDN, Hindol or Marwa or Pooriya or Rajakalyan or Sohani or Yaman or Yaman Kalyan
mGmrS, Pooriya
mGmrG, Pooriya
mGmdN, Basant or Paraj or Pooriya Dhanashree or Poorvi
mPGMR, Hameer or Kamod or Shyam Kalyan
mPGMG, Bihag or Ramakali
mPGMP, Bihag
mPGMN, Hameer
mPMRS, Kedar or Shuddha Sarang
mPMGR, Chhayanat
mPMGM, Chhayanat
mPPmD, Chhayanat
mPDSR, Saraswati
mPDSn, Saraswati
mPDPG, Kamod
mPDPM, Kedar
mPDPD, Kamod or Kedar
mPDPN, Kamod or Kedar
mPDPm, Kedar
mPDNS, Chhayanat
mPDND, Chhayanat
mPNSR, Shuddha Sarang or Shyam Kalyan
mPNSG, Amritvarshini
mPNSM, Kedar or Marubihag
mPNSN, Amritvarshini or Kedar or Madhuvanti or Marubihag or Multani or Shuddha Sarang or Shyam Kalyan
mPNSr, Shree
mPNSg, Madhuvanti or Multani
mPmRS, Saraswati
mPmGS, Amritvarshini
mPmGR, Marubihag
mPmPG, Bihag or Hameer or Shyam Kalyan
mPmPM, Chhayanat
mPmPD, Chhayanat or Kedar
mPmPN, Kedar
mPmPd, Ramakali
mPmDP, Chhayanat
mPmgS, Madhukauns
mPmgR, Madhuvanti
mPmgr, Multani
mPdmG, Shree
mPdnd, Ramakali
mPnSg, Madhukauns
mPnSn, Madhukauns
mDPMG, Bhatiyar
mDPPm, Chhayanat
mDPmG, Yaman or Yaman Kalyan
mDPmP, Chhayanat
mDPmD, Chhayanat
mDNSG, Hindol or Sohani
mDNSN, Hindol or Rajakalyan or Sohani or Yaman or Yaman Kalyan
mDNSr, Bhatiyar or Sohani
mDNrS, Marwa or Pooriya
mDNrG, Marwa or Pooriya
mDNrN, Marwa
mDmGS, Hindol
mDmGR, Rajakalyan
mDmGr, Marwa or Sohani
mDmGm, Pooriya
mDnDP, Chhayanat
mrSND, Pooriya
mrGrS, Pooriya
mrGrG, Pooriya
mrGmD, Pooriya
mrGmr, Pooriya
mgRSN, Madhuvanti
mgRSg, Madhuvanti
mgrSN, Gujari Todi or Multani or Todi
mgrSr, Gujari Todi or Todi
mgrSg, Multani
mgmPN, Madhuvanti or Multani
mgmPn, Madhukauns
mgmdN, Gujari Todi or Todi
mdPmG, Basant or Paraj or Pooriya Dhanashree or Poorvi
mdPmg, Todi
mdNSM, Basant
mdNSN, Basant or Gujari Todi or Poorvi or Todi
mdNSr, Gujari Todi or Todi
mdNdS, Paraj
mdNdP, Paraj
mdNdN, Paraj
mdmgr, Gujari Todi
mdmdm, Lalat
dSGmd, Paraj
dSNdP, Jogiya
dSNdN, Paraj
dSrGP, Bibhas
dSrMP, Gunakali or Jogiya
dSrgP, Bhoopali Todi or Bilaskhani Todi
dSdPG, Bibhas
dSdPM, Gunakali
dSdPg, Bhoopali Todi
dMPgR, Jaunpuri
dMPdM, Jaunpuri
dMPdn, Jaunpuri
dMgSN, Chandrakauns
dMgSg, Chandrakauns or Malkauns
dMgSn, Malkauns
dMgrS, Bilaskhani Todi
dMgrg, Bilaskhani Todi
dMgrn, Bilaskhani Todi
dMdNS, Chandrakauns
dMdnS, Malkauns
dPGMG, Ramakali
dPGMd, Ramakali
dPGrS, Bibhas
dPGrG, Bibhas
dPMGR, Charukeshi or Nat Bhairav
dPMGM, Bhairav or Charukeshi or Jogkauns or Kalingada or Nat Bhairav
dPMGr, Bhairav or Jogiya or Kalingada
dPMPM, Bhairavi
dPMPg, Bhairavi
dPMrS, Gunakali
dPMrM, Gunakali
dPMgR, Kirvani
dPMgM, Kirvani
dPgRS, Jaunpuri
dPgMr, Bhairavi
dPgrS, Bhoopali Todi
dPgrg, Bhoopali Todi
dPmGM, Paraj or Poorvi
dPmGr, Basant or Paraj or Pooriya Dhanashree or Poorvi
dPmGm, Basant or Paraj or Pooriya Dhanashree or Poorvi
dPmPG, Ramakali
dPmPm, Ramakali
dPmPd, Ramakali
dPmgr, Multani or Todi
dPmgm, Multani or Todi
dPdMP, Jaunpuri
dPdNS, Bhairav or Kalingada or Kirvani or Nat Bhairav
dPdmG, Shree
dPdmP, Shree
dPdnS, Charukeshi or Jaunpuri
dPdnd, Ramakali
dNrGM, Lalat
dNrGm, Pooriya Dhanashree or Poorvi
dNdSG, Paraj
dNdSN, Paraj
dNdMg, Chandrakauns
dNdPM, Bhairav or Kalingada or Kirvani or Nat Bhairav
dNdPm, Basant or Paraj or Pooriya Dhanashree or Poorvi or Ramakali or Todi
dNdNd, Paraj
dNdmg, Gujari Todi
dNdmd, Lalat
dNdnd, Jogkauns
dmGrS, Shree
dmGrN, Shree
dmGrm, Shree
dmPNS, Shree
dmgrS, Gujari Todi
dmgrg, Gujari Todi
dmdNS, Gujari Todi
dmdmd, Lalat
dnSRg, Bhairavi
dnPgM, Adana or Darbari Kanada
dndMg, Malkauns
dndPG, Ramakali
dndPM, Bhairavi or Charukeshi or Jogkauns
dndPm, Ramakali
dndPd, Jaunpuri or Ramakali
dndnP, Darbari Kanada
nSRGM, Charukeshi
nSRGP, Janasammohini
nSRMP, Adana or Jaunpuri or Madmaad Sarang or Nayaki Kanada
nSRMD, Gorakh Kalyan
nSRMg, Darbari Kanada
nSRgM, Bhairavi or Shahanakanada
nSRgP, Kolahas
nSRgr, Bhairavi
nSGMP, Jog or Khamaj
nSGMD, Rageshri
nSGPD, Kalavati
nSrGM, Ahir Bhairav
nSrMP, Bairagi
nSrgM, Parameshwari
nSrgP, Salag Varali
nSgMP, Bhimpalasi or Dhani
nSgMD, Bageshree or Bageshrikauns
nSgMd, Bhairavi or Malkauns
nSgmP, Madhukauns
nSdnP, Adana
nSnPM, Bairagi or Dhani or Jog or Madmaad Sarang
nSnPg, Nayaki Kanada or Shahanakanada
nSnPm, Madhukauns
nSnDM, Bageshree or Bageshrikauns or Gorakh Kalyan or Parameshwari or Rageshri
nSnDP, Ahir Bhairav or Bhimpalasi or Janasammohini or Kalavati or Khamaj or Kolahas or Salag Varali
nSndM, Malkauns
nSndP, Bhairavi or Charukeshi or Jaunpuri
nSndn, Darbari Kanada
nPGMG, Tilanga
nPGMP, Tilanga
nPGPG, Gaud Malhar
nPGPM, Gaud Malhar
nPGPD, Gaud Malhar
nPGPn, Gaud Malhar
nPMRS, Vrindavani Sarang or Madmaad Sarang
nPMRM, Vrindavani Sarang or Madmaad Sarang
nPMGR, Gaud Malhar
nPMGM, Jog
nPMMM, Bairagi
nPMMP, Bairagi
nPMMr, Bairagi
nPMPn, Gaud Malhar
nPMgS, Dhani
nPMgM, Dhani
nPDPM, Gaud Malhar
nPgMR, Adana or Bahaar or Darbari Kanada or Malhar or Nayaki Kanada or Ramadasimalhar or Shahanakanada
nPgMP, Adana or Bahaar or Darbari Kanada or Nayaki Kanada or Ramadasimalhar or Shahanakanada
nPgMD, Shahanakanada
nPgMg, Darbari Kanada
nPmgS, Madhukauns
nPmgm, Madhukauns
nPdnS, Adana or Darbari Kanada
nPnDN, Bahaar or Gaud Malhar or Malhar or Ramadasimalhar
nDMRS, Gorakh Kalyan or Sorath
nDMRM, Gorakh Kalyan
nDMGS, Jinjhoti
nDMGR, Des or Rageshri
nDMGM, Rageshri
nDMPM, Soora Malhar
nDMPD, Bageshree or Des or Soora Malhar
nDMPN, Des or Soora Malhar
nDMgS, Bageshrikauns
nDMgR, Bageshree
nDMgM, Bageshrikauns or Parameshwari
nDMgr, Parameshwari
nDPGS, Kalavati
nDPGR, Bihagda or Janasammohini
nDPGM, Bihagda
nDPGP, Janasammohini or Kalavati
nDPMR, Soora Malhar
nDPMG, Ahir Bhairav or Bilawal or Gaud Malhar or Jaijaivanti or Khamaj
nDPMP, Ahir Bhairav or Bhimpalasi or Jaijaivanti or Kafi or Khamaj or Soora Malhar
nDPMg, Kafi
nDPPM, Chhayanat
nDPPP, Chhayanat
nDPPD, Chhayanat
nDPPm, Chhayanat
nDPDM, Sorath
nDPDP, Sorath
nDPDn, Bihagda
nDPgR, Barawa or Kolahas
nDPgP, Kolahas or Salag Varali
nDPgr, Salag Varali
nDPmR, Saraswati
nDPmP, Chhayanat or Saraswati
nDPmD, Chhayanat
nDNSR, Ramadasimalhar
nDNSM, Bahaar or Gaud Malhar or Malhar
nDNSn, Bahaar or Gaud Malhar or Malhar or Ramadasimalhar
nDnDS, Barawa or Kafi or Jinjhoti
nDnDM, Soora Malhar
nDnDP, Bihagda or Bilawal or Chhayanat
ndMPg, Jaunpuri
ndMgS, Malkauns
ndMgM, Malkauns
ndMgP, Bilaskhani Todi
ndMgr, Bilaskhani Todi
ndPGM, Ramakali
ndPGr, Ramakali
ndPMG, Charukeshi or Jogkauns
ndPMP, Bhairavi or Charukeshi
ndPMr, Bhairavi
ndPMd, Bhairavi or Jogkauns
ndPmP, Ramakali
ndPdM, Jaunpuri
ndPdP, Jaunpuri
ndPdn, Jaunpuri
ndnSR, Bhairavi
ndnPg, Darbari Kanada
ndnPd, Darbari Kanada
ndndP, Jogkauns or Ramakali