SSrgM, 0
SSrgm, 0
SSrGM, 0
SSRgM, 0
SSRGR, 0
SSRGP, 0
SSRMP, 0
SSRmP, 0
SSgMP, 0
SSgMd, 0
SSgMD, 1
SSGMP, 0
SSGmP, 0
SSGmD, 0
SSMGP, 0
SSdnP, 0
SSDPG, 0
SSDPM, 0
SSDPD, 0
SSnPM, 0
SSndM, 0
SSndP, 0
SSnDP, 0
SSNPG, 0
SSNdM, 0
SSNdP, 0
SSNDM, 1
SSNDm, 0
SSNDP, 0
SrgrS, 0
SrgMS, 0
SrgMr, 0
SrgMg, 0
SrgMM, 0
SrgMP, 0
SrgMd, 0
SrgMn, 0
SrgmS, 0
Srgmr, 0
Srgmg, 0
Srgmm, 0
SrgmP, 0
Srgmd, 0
SrgmD, 0
SrgmN, 0
SrGrS, 0
SrGMS, 0
SrGMr, 0
SrGMG, 0
SrGMM, 0
SrGMP, 0
SrGMd, 0
SrGMD, 0
SrGMn, 0
SrGMN, 0
SrGmD, 0
SRSRG, 0
SRgRS, 0
SRgMS, 0
SRgMR, 0
SRgMg, 0
SRgMM, 0
SRgMP, 0
SRgMd, 0
SRgMD, 0
SRgMn, 0
SRGRS, 0
SRGRR, 0
SRGRG, 0
SRGRP, 0
SRGRD, 0
SRGmD, 0
SRGPS, 0
SRGPR, 0
SRGPG, 0
SRGPP, 0
SRGPD, 0
SRGPN, 0
SRGNS, 0
SRMRS, 0
SRMgR, 0
SRMGR, 0
SRMPS, 0
SRMPR, 0
SRMPg, 0
SRMPG, 0
SRMPM, 0
SRMPP, 0
SRMPd, 0
SRMPD, 0
SRMPn, 0
SRMPN, 0
SRmRS, 0
SRmPS, 0
SRmPR, 0
SRmPm, 0
SRmPP, 0
SRmPD, 0
SRmPn, 0
SgMRS, 0
SgMgS, 0
SgMgR, 1
SgMgM, 1
SgMPS, 0
SgMPR, 0
SgMPg, 0
SgMPM, 0
SgMPP, 0
SgMPd, 0
SgMPD, 1
SgMPn, 0
SgMdS, 0
SgMdg, 0
SgMdM, 0
SgMdd, 0
SgMdn, 0
SgMdN, 0
SgMDS, 1
SgMDR, 1
SgMDg, 1
SgMDM, 1
SgMDP, 1
SgMDD, 1
SgMDn, 1
SgMDN, 1
SgmPd, 0
SGRGS, 0
SGRGN, 0
SGMgS, 0
SGMGR, 0
SGMGM, 0
SGMPS, 0
SGMPR, 0
SGMPg, 0
SGMPG, 0
SGMPM, 0
SGMPm, 0
SGMPP, 0
SGMPd, 0
SGMPD, 0
SGMPn, 0
SGMPN, 0
SGmrG, 0
SGmGS, 0
SGmGR, 0
SGmGm, 0
SGmPS, 0
SGmPR, 0
SGmPG, 0
SGmPm, 0
SGmPP, 0
SGmPD, 0
SGmPN, 0
SGmDS, 0
SGmDG, 0
SGmDM, 0
SGmDm, 0
SGmDD, 0
SGmDN, 0
SGPGR, 0
SGPmP, 0
SGPDS, 0
SGPNS, 0
SMgrS, 0
SMgRS, 1
SMGrS, 0
SMGRS, 0
SMGRG, 0
SMGMg, 0
SMGmG, 0
SMGPS, 0
SMGPR, 0
SMGPG, 0
SMGPM, 0
SMGPm, 0
SMGPP, 0
SMGPD, 0
SMGPN, 0
SMPgM, 0
SMPdn, 0
SMPdN, 0
SMPDS, 0
SMPDg, 1
SMPDn, 0
SMPnS, 0
SMPNS, 0
SMdnS, 0
SMdNS, 0
SMDnS, 1
SmgrS, 0
SmGrS, 0
SmGRS, 0
SmGmG, 0
SmPGM, 0
SmPdN, 0
SmPDS, 0
SmPDP, 0
SmPDN, 0
SmPNS, 0
SmDNS, 0
SPRGR, 0
SPRGm, 0
SPgMR, 0
SPGRS, 0
SPGMG, 0
SPMRS, 0
SPMgS, 0
SPMgr, 0
SPMgR, 0
SPMGr, 0
SPMGR, 0
SPMGM, 0
SPMPg, 0
SPmRS, 0
SPmgr, 0
SPmGr, 0
SPmGR, 0
SPmGm, 0
SPmPG, 0
SPmPD, 0
SPdnS, 0
SPdNS, 0
SPDgM, 1
SPDGP, 0
SPDPM, 0
SPDnS, 0
SPDNS, 0
SPnSg, 0
SdMgS, 0
SdPMg, 0
SdPMG, 0
SdnSR, 0
SdnSd, 0
SdnPS, 0
SdnPR, 0
SdnPg, 0
SdnPM, 0
SdnPP, 0
SdnPd, 0
SdnPn, 0
SDRSR, 0
SDgMg, 1
SDGPG, 0
SDGPD, 0
SDMGm, 0
SDMPD, 1
SDmGr, 0
SDPRG, 0
SDPGS, 0
SDPGR, 0
SDPGG, 0
SDPGP, 0
SDPGD, 0
SDPMS, 0
SDPMR, 0
SDPMg, 0
SDPMG, 0
SDPMM, 0
SDPMP, 0
SDPMD, 0
SDPmR, 0
SDPmg, 0
SDPmG, 0
SDPmP, 0
SDPDS, 0
SDPDR, 0
SDPDG, 0
SDPDP, 0
SDPDD, 0
SnSgM, 0
SnPMS, 0
SnPMR, 0
SnPMg, 0
SnPMG, 0
SnPMM, 0
SnPMP, 0
SnPMn, 0
SnPMN, 0
SnPnS, 0
SnPNS, 0
SndMS, 0
SndMg, 0
SndMM, 0
SndMd, 0
SndMn, 0
SndPS, 0
SndPr, 0
SndPR, 0
SndPg, 0
SndPM, 0
SndPP, 0
SndPd, 0
SndPn, 0
SndnS, 0
SnDPS, 0
SnDPr, 0
SnDPR, 0
SnDPg, 0
SnDPG, 0
SnDPM, 0
SnDPm, 0
SnDPP, 0
SnDPD, 0
SnDPn, 0
SnDPN, 0
SnDnS, 0
SNSRM, 0
SNSGM, 0
SNrGm, 0
SNRGm, 0
SNPGS, 0
SNPGR, 0
SNPGG, 0
SNPGP, 0
SNPGN, 0
SNPNS, 0
SNdMS, 0
SNdMg, 0
SNdMM, 0
SNdMd, 0
SNdMN, 0
SNdPS, 0
SNdPr, 0
SNdPG, 0
SNdPM, 0
SNdPP, 0
SNdPd, 0
SNdPN, 0
SNdNS, 0
SNDgM, 1
SNDMS, 1
SNDMR, 1
SNDMg, 1
SNDMG, 0
SNDMM, 1
SNDMm, 0
SNDMP, 1
SNDMD, 1
SNDMn, 1
SNDMN, 1
SNDmS, 0
SNDmr, 0
SNDmG, 0
SNDmm, 0
SNDmD, 0
SNDmN, 0
SNDPS, 0
SNDPr, 0
SNDPR, 0
SNDPg, 0
SNDPG, 0
SNDPM, 0
SNDPm, 0
SNDPP, 0
SNDPd, 0
SNDPD, 0
SNDPN, 0
SNDnS, 1
SNDNS, 0
rSrgM, 0
rSrgm, 0
rSrGM, 0
rSndP, 0
rSnDP, 0
rSNdP, 0
rSNDm, 0
rSNDP, 0
rrgMP, 0
rrgmP, 0
rrGMP, 0
rrGmD, 0
rgMgr, 0
rgMPS, 0
rgMPr, 0
rgMPg, 0
rgMPM, 0
rgMPP, 0
rgMPd, 0
rgMPn, 0
rgmgr, 0
rgmPS, 0
rgmPr, 0
rgmPg, 0
rgmPm, 0
rgmPP, 0
rgmPd, 0
rgmPD, 0
rgmPN, 0
rGMGr, 0
rGMPS, 0
rGMPr, 0
rGMPG, 0
rGMPM, 0
rGMPP, 0
rGMPd, 0
rGMPD, 0
rGMPn, 0
rGMPN, 0
rGmrS, 0
rGmrG, 0
rGmGr, 0
rGmDS, 0
rGmDr, 0
rGmDG, 0
rGmDm, 0
rGmDP, 0
rGmDD, 0
rGmDN, 0
rMgrS, 0
rMGrS, 0
rMPdn, 0
rMPdN, 0
rMPDn, 0
rmgrS, 0
rmGrS, 0
rmPdN, 0
rmDNS, 0
rPMgr, 0
rPMGr, 0
rPmgr, 0
rPmGr, 0
rPdnS, 0
rPdNS, 0
rPDnS, 0
rdPMg, 0
rdPMG, 0
rDmGr, 0
rDPMG, 0
rDPmg, 0
rDPmG, 0
rndPM, 0
rnDPM, 0
rNrGm, 0
rNdPM, 0
rNDmG, 0
rNDPm, 0
RSRSR, 0
RSRgM, 0
RSRGS, 0
RSRGR, 0
RSRGG, 0
RSRGP, 0
RSRGD, 0
RSRMP, 0
RSRmP, 0
RSgMg, 1
RSgMP, 0
RSgMD, 1
RSGMG, 0
RSGMP, 0
RSGmG, 0
RSGmP, 0
RSMGP, 0
RSdnS, 0
RSdnP, 0
RSDPG, 0
RSDPM, 0
RSDPD, 0
RSnPM, 0
RSndP, 0
RSnDP, 0
RSNPG, 0
RSNDM, 1
RSNDP, 0
RRSRG, 0
RRgMP, 0
RRGRS, 0
RRGmD, 0
RRGPD, 0
RRGPN, 0
RRGNS, 0
RRMPd, 0
RRMPD, 0
RRMPN, 0
RRmPD, 0
RgMRS, 0
RgMRg, 0
RgMgR, 1
RgMPS, 0
RgMPR, 0
RgMPg, 0
RgMPM, 0
RgMPP, 0
RgMPd, 0
RgMPD, 0
RgMPn, 0
RgMDn, 1
RGSRM, 0
RGSnD, 0
RGRSS, 0
RGRSR, 0
RGRSG, 0
RGRSP, 0
RGRSD, 0
RGRGS, 0
RGRGR, 0
RGRGP, 0
RGRGN, 0
RGMGR, 0
RGMPN, 0
RGmGR, 0
RGmPN, 0
RGmDS, 0
RGmDR, 0
RGmDG, 0
RGmDm, 0
RGmDP, 0
RGmDD, 0
RGmDN, 0
RGPRG, 0
RGPGR, 0
RGPGP, 0
RGPmP, 0
RGPDS, 0
RGPDR, 0
RGPDG, 0
RGPDP, 0
RGPDD, 0
RGPNS, 0
RGPNR, 0
RGPNG, 0
RGPNP, 0
RGPNN, 0
RGNSS, 0
RGNSR, 0
RGNSG, 0
RGNSM, 0
RGNSP, 0
RGNSD, 0
RGNSn, 0
RGNSN, 0
RMgRS, 1
RMGRS, 0
RMGRG, 0
RMGPm, 0
RMPgM, 0
RMPMR, 0
RMPMg, 0
RMPMG, 0
RMPdS, 0
RMPdR, 0
RMPdg, 0
RMPdM, 0
RMPdP, 0
RMPdd, 0
RMPdn, 0
RMPDS, 0
RMPDR, 0
RMPDg, 1
RMPDG, 0
RMPDM, 0
RMPDP, 0
RMPDD, 0
RMPDn, 0
RMPnS, 0
RMPNS, 0
RMPNR, 0
RMPNG, 0
RMPNM, 0
RMPNP, 0
RMPND, 0
RMPNn, 0
RMPNN, 0
RMDnS, 1
RmGRS, 0
RmGmG, 0
RmPGM, 0
RmPmR, 0
RmPDS, 0
RmPDR, 0
RmPDm, 0
RmPDP, 0
RmPDD, 0
RmPDn, 0
RmPDN, 0
RmPNS, 0
RmDNS, 0
RPRGR, 0
RPRGm, 0
RPgMR, 0
RPGRS, 0
RPGMG, 0
RPMRS, 0
RPMgR, 0
RPMGR, 0
RPMPg, 0
RPmRS, 0
RPmGR, 0
RPmGm, 0
RPmPG, 0
RPmPD, 0
RPdnS, 0
RPDgM, 1
RPDGP, 0
RPDPM, 0
RPDnS, 0
RPDNS, 0
RdPMg, 0
RdnPM, 0
RDRSR, 0
RDgMg, 1
RDGPG, 0
RDMPD, 1
RDPGR, 0
RDPMR, 0
RDPMg, 0
RDPMG, 0
RDPmR, 0
RDPmG, 0
RDPmP, 0
RDPDG, 0
RnSgM, 0
RnPMR, 0
RnPMP, 0
RndPM, 0
RnDPM, 0
RnDPm, 0
RNSRM, 0
RNSGM, 0
RNRGm, 0
RNPGR, 0
RNDMP, 1
RNDPm, 0
gSrgM, 0
gSrgm, 0
gSRgM, 0
gSRMP, 0
gSgMP, 0
gSgMd, 0
gSgMD, 1
gSGMg, 0
gSGMP, 0
gSdnP, 0
gSnPM, 0
gSndM, 0
gSndP, 0
gSnDP, 0
gSNdM, 0
gSNDM, 1
gSNDP, 0
grSrg, 0
grSnd, 0
grSND, 0
grgMP, 0
grgmP, 0
gRSRg, 0
gRSRM, 0
gRSgM, 1
gRSnd, 0
gRSnD, 0
gRSND, 1
gRgMP, 0
gRMPd, 0
ggMRS, 0
ggMgR, 1
ggMPd, 0
ggMPD, 0
ggMPn, 0
ggMdn, 0
ggMdN, 0
ggMDn, 1
ggmPd, 0
gGMgS, 0
gGMPn, 0
gMRSS, 0
gMRSR, 0
gMRSg, 0
gMRSM, 0
gMRSP, 0
gMRSd, 0
gMRSn, 0
gMRgM, 0
gMgrS, 0
gMgRS, 1
gMgRR, 1
gMgRg, 1
gMgRM, 1
gMgRP, 1
gMgRD, 1
gMgRn, 1
gMgRN, 1
gMgMg, 1
gMgMD, 1
gMGMg, 0
gMPgM, 0
gMPMg, 0
gMPMP, 0
gMPdS, 0
gMPdr, 0
gMPdR, 0
gMPdg, 0
gMPdM, 0
gMPdP, 0
gMPdd, 0
gMPdn, 0
gMPDS, 0
gMPDR, 0
gMPDg, 1
gMPDM, 0
gMPDP, 0
gMPDD, 0
gMPDn, 0
gMPnS, 0
gMPnR, 0
gMPng, 0
gMPnM, 0
gMPnP, 0
gMPnD, 0
gMPnn, 0
gMdMg, 0
gMdnS, 0
gMdng, 0
gMdnM, 0
gMdnd, 0
gMdnn, 0
gMdNS, 0
gMdNg, 0
gMdNM, 0
gMdNd, 0
gMdNN, 0
gMDgM, 1
gMDMP, 1
gMDnS, 1
gMDnR, 1
gMDng, 1
gMDnM, 1
gMDnP, 1
gMDnD, 1
gMDnn, 1
gMDnN, 1
gmgrS, 0
gmPmg, 0
gmPdS, 0
gmPdr, 0
gmPdg, 0
gmPdm, 0
gmPdP, 0
gmPdd, 0
gmPdD, 0
gmPdN, 0
gPgMR, 0
gPMgS, 0
gPMgr, 0
gPMgR, 0
gPMGM, 0
gPMPg, 0
gPmgr, 0
gPdnS, 0
gPdNS, 0
gPDgM, 1
gPDnS, 0
gPnSg, 0
gdMgS, 0
gdPMg, 0
gdnPM, 0
gDgMg, 1
gDMPD, 1
gDPMg, 0
gDPmg, 0
gnSgM, 0
gnPMg, 0
gnPMG, 0
gnPMP, 0
gndMg, 0
gndPM, 0
gnDPM, 0
gNdMg, 0
gNDMP, 1
gNDPm, 0
GSrGM, 0
GSRGR, 0
GSRGP, 0
GSRMP, 0
GSGMP, 0
GSGmG, 0
GSGmP, 0
GSGmD, 0
GSMGP, 0
GSDPG, 0
GSDPD, 0
GSnPM, 0
GSnDP, 0
GSNPG, 0
GSNdP, 0
GSNDM, 0
GSNDm, 0
GSNDP, 0
GrSrG, 0
GrSnD, 0
GrSNd, 0
GrSND, 0
GrGMP, 0
GrGmr, 0
GrGmD, 0
GRSRS, 0
GRSRG, 0
GRSGM, 0
GRSGm, 0
GRSDP, 0
GRSNP, 0
GRSND, 0
GRGSS, 0
GRGSR, 0
GRGSG, 0
GRGSM, 0
GRGSP, 0
GRGSD, 0
GRGSn, 0
GRGRS, 0
GRGRG, 0
GRGmD, 0
GRGPG, 0
GRGPD, 0
GRGPN, 0
GRGNS, 0
GRGNR, 0
GRGNG, 0
GRGNM, 0
GRGNP, 0
GRGND, 0
GRGNn, 0
GRGNN, 0
GRMPD, 0
GRMPN, 0
GGRGS, 0
GGRGN, 0
GGMgS, 0
GGMGR, 0
GGMPd, 0
GGMPD, 0
GGMPn, 0
GGMPN, 0
GGmrG, 0
GGmGS, 0
GGmGR, 0
GGmPN, 0
GGmDN, 0
GGPGR, 0
GGPmP, 0
GGPDS, 0
GGPNS, 0
GMgSS, 0
GMgSg, 0
GMgSG, 0
GMgSM, 0
GMgSP, 0
GMgSn, 0
GMGrS, 0
GMGRS, 0
GMGRR, 0
GMGRG, 0
GMGRM, 0
GMGRm, 0
GMGRP, 0
GMGRD, 0
GMGRN, 0
GMGMg, 0
GMGMG, 0
GMGMP, 0
GMGmG, 0
GMGPm, 0
GMPGM, 0
GMPMG, 0
GMPmP, 0
GMPdS, 0
GMPdr, 0
GMPdG, 0
GMPdM, 0
GMPdP, 0
GMPdd, 0
GMPdN, 0
GMPDS, 0
GMPDr, 0
GMPDG, 0
GMPDM, 0
GMPDP, 0
GMPDD, 0
GMPDn, 0
GMPnS, 0
GMPng, 0
GMPnG, 0
GMPnM, 0
GMPnP, 0
GMPnn, 0
GMPNS, 0
GMPNR, 0
GMPNG, 0
GMPNM, 0
GMPNm, 0
GMPNP, 0
GMPND, 0
GMPNN, 0
GmrGS, 0
GmrGr, 0
GmrGG, 0
GmrGm, 0
GmrGP, 0
GmrGD, 0
GmrGN, 0
GmGSS, 0
GmGSG, 0
GmGSM, 0
GmGSm, 0
GmGSD, 0
GmGSN, 0
GmGrS, 0
GmGRS, 0
GmGRR, 0
GmGRG, 0
GmGRm, 0
GmGRP, 0
GmGRD, 0
GmGRN, 0
GmGmG, 0
GmGmP, 0
GmGmD, 0
GmPGM, 0
GmPmG, 0
GmPDP, 0
GmPDN, 0
GmPNS, 0
GmPNR, 0
GmPNG, 0
GmPNm, 0
GmPNP, 0
GmPND, 0
GmPNN, 0
GmDMG, 0
GmDmG, 0
GmDPm, 0
GmDNS, 0
GmDNr, 0
GmDNR, 0
GmDNG, 0
GmDNM, 0
GmDNm, 0
GmDNP, 0
GmDND, 0
GmDNN, 0
GPRGR, 0
GPRGm, 0
GPRGP, 0
GPGRS, 0
GPGRR, 0
GPGRG, 0
GPGRP, 0
GPGRD, 0
GPGMG, 0
GPGPG, 0
GPGPD, 0
GPMRS, 0
GPMGr, 0
GPMGR, 0
GPMGM, 0
GPmGr, 0
GPmGR, 0
GPmGm, 0
GPmPS, 0
GPmPR, 0
GPmPG, 0
GPmPM, 0
GPmPm, 0
GPmPP, 0
GPmPD, 0
GPmPN, 0
GPdNS, 0
GPDSS, 0
GPDSR, 0
GPDSG, 0
GPDSP, 0
GPDSD, 0
GPDRS, 0
GPDGR, 0
GPDGP, 0
GPDPG, 0
GPDPM, 0
GPDPm, 0
GPDPD, 0
GPDnS, 0
GPDNS, 0
GPNSS, 0
GPNSR, 0
GPNSG, 0
GPNSP, 0
GPNSN, 0
GPNPG, 0
GdPMG, 0
GDRSR, 0
GDGPG, 0
GDMGm, 0
GDmGr, 0
GDPGR, 0
GDPMR, 0
GDPMG, 0
GDPmG, 0
GDPmP, 0
GDPDG, 0
GnPMG, 0
GnDPM, 0
GNSRG, 0
GNSRM, 0
GNSGM, 0
GNSnD, 0
GNrGm, 0
GNRGm, 0
GNPGR, 0
GNdPM, 0
GNDMG, 0
GNDmG, 0
GNDPm, 0
MSrgM, 0
MSrGM, 0
MSRgM, 0
MSRMP, 0
MSgMP, 0
MSgMd, 0
MSgMD, 1
MSGMP, 0
MSGmD, 0
MSMGP, 0
MSdnP, 0
MSDPM, 0
MSnPM, 0
MSndM, 0
MSndP, 0
MSnDP, 0
MSNdM, 0
MSNdP, 0
MSNDM, 1
MSNDP, 0
MrgMP, 0
MrGMP, 0
MRSRg, 0
MRSRM, 0
MRSMG, 0
MRSdn, 0
MRSDP, 0
MRSnP, 0
MRSND, 0
MRgMR, 0
MRgMP, 0
MRGNS, 0
MRMPd, 0
MRMPD, 0
MRMPN, 0
MgSgM, 0
MgSGM, 0
MgSnP, 0
MgSnd, 0
MgSNd, 0
MgrSS, 0
MgrSr, 0
MgrSg, 0
MgrSM, 0
MgrSP, 0
MgrSd, 0
MgrSn, 0
MgrgM, 0
MgRSS, 1
MgRSR, 1
MgRSg, 1
MgRSM, 1
MgRSP, 1
MgRSd, 0
MgRSD, 1
MgRSn, 1
MgRSN, 1
MgRgM, 0
MgRMP, 0
MgMRS, 0
MgMgR, 1
MgMPd, 0
MgMPD, 0
MgMPn, 0
MgMdn, 0
MgMdN, 0
MgMDn, 1
MGrSS, 0
MGrSr, 0
MGrSG, 0
MGrSM, 0
MGrSP, 0
MGrSd, 0
MGrSD, 0
MGrSn, 0
MGrSN, 0
MGrGM, 0
MGRSS, 0
MGRSR, 0
MGRSG, 0
MGRSM, 0
MGRSm, 0
MGRSP, 0
MGRSD, 0
MGRSN, 0
MGRGS, 0
MGRGR, 0
MGRGG, 0
MGRGM, 0
MGRGP, 0
MGRGD, 0
MGRGn, 0
MGRGN, 0
MGRMP, 0
MGMgS, 0
MGMgg, 0
MGMgG, 0
MGMgM, 0
MGMgP, 0
MGMgn, 0
MGMGR, 0
MGMGM, 0
MGMPM, 0
MGMPd, 0
MGMPD, 0
MGMPn, 0
MGMPN, 0
MGmGS, 0
MGmGG, 0
MGmGM, 0
MGmGm, 0
MGmGD, 0
MGmGN, 0
MGmDM, 0
MGmDN, 0
MGPMR, 0
MGPmS, 0
MGPmR, 0
MGPmG, 0
MGPmM, 0
MGPmm, 0
MGPmP, 0
MGPmD, 0
MGPmN, 0
MGPDP, 0
MGPDN, 0
MGNSR, 0
MMgrS, 0
MMgRS, 1
MMGrS, 0
MMGRS, 0
MMGRG, 0
MMGMg, 0
MMGmG, 0
MMGPm, 0
MMPgM, 0
MMPdn, 0
MMPdN, 0
MMPDS, 0
MMPDg, 1
MMPDn, 0
MMPnS, 0
MMPNS, 0
MMdnS, 0
MMdNS, 0
MMDnS, 1
MmPGM, 0
MmPDP, 0
MmPDN, 0
MmDNS, 0
MPgMS, 0
MPgMR, 0
MPgMg, 0
MPgMM, 0
MPgMP, 0
MPgMd, 0
MPgMn, 0
MPGMG, 0
MPGMP, 0
MPMRS, 0
MPMgS, 0
MPMgr, 0
MPMgR, 0
MPMGr, 0
MPMGR, 0
MPMGM, 0
MPMPg, 0
MPMPd, 0
MPmPG, 0
MPmPD, 0
MPdPM, 0
MPdnS, 0
MPdnr, 0
MPdnR, 0
MPdng, 0
MPdnM, 0
MPdnP, 0
MPdnd, 0
MPdnn, 0
MPdNS, 0
MPdNr, 0
MPdNG, 0
MPdNM, 0
MPdNP, 0
MPdNd, 0
MPdNN, 0
MPDSS, 0
MPDSR, 0
MPDSG, 0
MPDSM, 0
MPDSP, 0
MPDSD, 0
MPDSn, 0
MPDgS, 1
MPDgR, 1
MPDgg, 1
MPDgM, 1
MPDgP, 1
MPDgD, 1
MPDgn, 1
MPDgN, 1
MPDMP, 1
MPDPM, 0
MPDnS, 1
MPDnr, 0
MPDnR, 0
MPDng, 0
MPDnG, 0
MPDnM, 0
MPDnP, 0
MPDnD, 0
MPDnn, 0
MPDNS, 0
MPnSS, 0
MPnSR, 0
MPnSg, 0
MPnSG, 0
MPnSM, 0
MPnSP, 0
MPnSD, 0
MPnSn, 0
MPnPM, 0
MPnDP, 0
MPNSS, 0
MPNSR, 0
MPNSG, 0
MPNSM, 0
MPNSm, 0
MPNSP, 0
MPNSD, 0
MPNSn, 0
MPNSN, 0
MPNDP, 0
MdMgS, 0
MdPMg, 0
MdPMG, 0
MdnSS, 0
MdnSg, 0
MdnSM, 0
MdnSd, 0
MdnSn, 0
MdnPM, 0
MdndM, 0
MdNSS, 0
MdNSg, 0
MdNSM, 0
MdNSd, 0
MdNSN, 0
MdNdM, 0
MDgMg, 1
MDgMD, 1
MDMGm, 0
MDMPD, 1
MDPMR, 0
MDPMg, 0
MDPMG, 0
MDPmP, 0
MDnSS, 1
MDnSR, 1
MDnSg, 1
MDnSM, 1
MDnSP, 1
MDnSD, 1
MDnSn, 1
MDnSN, 1
MnSgM, 0
MnPMR, 0
MnPMg, 0
MnPMG, 0
MnPMP, 0
MndMg, 0
MndPM, 0
MnDPM, 0
MNSRM, 0
MNSGM, 0
MNdMg, 0
MNdPM, 0
MNDMG, 0
MNDMP, 1
MNDPm, 0
mSrgm, 0
mSRmP, 0
mSGMP, 0
mSGmP, 0
mSGmD, 0
mSMGP, 0
mSnDP, 0
mSNDM, 0
mSNDm, 0
mSNDP, 0
mrgmP, 0
mrGrS, 0
mrGmr, 0
mrGmG, 0
mrGmD, 0
mRSRm, 0
mRSnD, 0
mRGmD, 0
mRmPD, 0
mgrSS, 0
mgrSr, 0
mgrSg, 0
mgrSm, 0
mgrSP, 0
mgrSd, 0
mgrSD, 0
mgrSN, 0
mgrgm, 0
mgmPd, 0
mGSGm, 0
mGSND, 0
mGrSS, 0
mGrSr, 0
mGrSG, 0
mGrSm, 0
mGrSP, 0
mGrSD, 0
mGrSN, 0
mGrGm, 0
mGRSS, 0
mGRSR, 0
mGRSG, 0
mGRSm, 0
mGRSP, 0
mGRSD, 0
mGRSN, 0
mGRGm, 0
mGMGR, 0
mGMPN, 0
mGmrG, 0
mGmGS, 0
mGmGR, 0
mGmGG, 0
mGmGm, 0
mGmGP, 0
mGmGD, 0
mGmGN, 0
mGmPm, 0
mGmPN, 0
mGmDN, 0
mGPmP, 0
mMGRS, 0
mMGmG, 0
mMGPm, 0
mMPNS, 0
mmgrS, 0
mmGrS, 0
mmGRS, 0
mmGmG, 0
mmPGM, 0
mmPdN, 0
mmPDS, 0
mmPDP, 0
mmPDN, 0
mmPNS, 0
mmDNS, 0
mPRGm, 0
mPGRS, 0
mPGMS, 0
mPGMR, 0
mPGMG, 0
mPGMM, 0
mPGMm, 0
mPGMP, 0
mPGMD, 0
mPGMN, 0
mPMRS, 0
mPmRS, 0
mPmgr, 0
mPmGr, 0
mPmGR, 0
mPmGm, 0
mPmPG, 0
mPmPD, 0
mPdNS, 0
mPdNr, 0
mPdNg, 0
mPdNm, 0
mPdNP, 0
mPdNd, 0
mPdND, 0
mPdNN, 0
mPDSS, 0
mPDSR, 0
mPDSm, 0
mPDSP, 0
mPDSD, 0
mPDSn, 0
mPDPS, 0
mPDPR, 0
mPDPG, 0
mPDPM, 0
mPDPm, 0
mPDPP, 0
mPDPD, 0
mPDPN, 0
mPDNS, 0
mPDNR, 0
mPDNG, 0
mPDNM, 0
mPDNm, 0
mPDNP, 0
mPDND, 0
mPDNN, 0
mPNSS, 0
mPNSR, 0
mPNSG, 0
mPNSm, 0
mPNSP, 0
mPNSD, 0
mPNSN, 0
mPNDP, 0
mDMGm, 0
mDmGr, 0
mDPMR, 0
mDPmR, 0
mDPmg, 0
mDPmG, 0
mDPmP, 0
mDNSS, 0
mDNSr, 0
mDNSR, 0
mDNSG, 0
mDNSM, 0
mDNSm, 0
mDNSP, 0
mDNSD, 0
mDNSN, 0
mDNrG, 0
mDNRG, 0
mDNDM, 0
mDNDm, 0
mDNDP, 0
mnDPm, 0
mNSGM, 0
mNrGm, 0
mNRGm, 0
mNDMG, 0
mNDmG, 0
mNDPm, 0
PSrgM, 0
PSrgm, 0
PSrGM, 0
PSRgM, 0
PSRGR, 0
PSRGP, 0
PSRMP, 0
PSRmP, 0
PSgMP, 0
PSgMD, 1
PSGMP, 0
PSGmP, 0
PSMGP, 0
PSdnP, 0
PSDPG, 0
PSDPM, 0
PSDPD, 0
PSnPM, 0
PSndP, 0
PSnDP, 0
PSNPG, 0
PSNdP, 0
PSNDM, 1
PSNDP, 0
PrgMP, 0
PrgmP, 0
PrGMP, 0
PrGmD, 0
PRSRG, 0
PRgMP, 0
PRGRS, 0
PRGRR, 0
PRGRG, 0
PRGRP, 0
PRGRD, 0
PRGmS, 0
PRGmR, 0
PRGmG, 0
PRGmm, 0
PRGmP, 0
PRGmD, 0
PRGmN, 0
PRGPR, 0
PRGPG, 0
PRGPD, 0
PRGPN, 0
PRGNS, 0
PRMPd, 0
PRMPD, 0
PRMPN, 0
PRmPD, 0
PgMRS, 0
PgMRR, 0
PgMRg, 0
PgMRM, 0
PgMRP, 0
PgMRd, 0
PgMRn, 0
PgMgR, 1
PgMPg, 0
PgMPM, 0
PgMPd, 0
PgMPD, 0
PgMPn, 0
PgMDn, 1
PgmPd, 0
PGRSS, 0
PGRSR, 0
PGRSG, 0
PGRSP, 0
PGRSD, 0
PGRSN, 0
PGRGS, 0
PGRGR, 0
PGRGP, 0
PGRGN, 0
PGMgS, 0
PGMGS, 0
PGMGR, 0
PGMGG, 0
PGMGM, 0
PGMGm, 0
PGMGP, 0
PGMGD, 0
PGMGN, 0
PGMPG, 0
PGMPm, 0
PGMPd, 0
PGMPD, 0
PGMPn, 0
PGMPN, 0
PGmrG, 0
PGmGR, 0
PGmPN, 0
PGmDN, 0
PGPGR, 0
PGPmP, 0
PGPDS, 0
PGPDG, 0
PGPNS, 0
PMRSS, 0
PMRSR, 0
PMRSG, 0
PMRSM, 0
PMRSm, 0
PMRSP, 0
PMRSD, 0
PMRSn, 0
PMRSN, 0
PMRMP, 0
PMgSS, 0
PMgSg, 0
PMgSM, 0
PMgSP, 0
PMgSn, 0
PMgrS, 0
PMgrr, 0
PMgrg, 0
PMgrM, 0
PMgrP, 0
PMgrd, 0
PMgrn, 0
PMgRS, 1
PMgRR, 0
PMgRg, 0
PMgRM, 0
PMgRP, 0
PMgRd, 0
PMgRD, 0
PMgRn, 0
PMgMP, 0
PMGrS, 0
PMGrr, 0
PMGrG, 0
PMGrM, 0
PMGrP, 0
PMGrd, 0
PMGrD, 0
PMGrn, 0
PMGrN, 0
PMGRS, 0
PMGRR, 0
PMGRG, 0
PMGRM, 0
PMGRP, 0
PMGRD, 0
PMGRn, 0
PMGRN, 0
PMGMS, 0
PMGMg, 0
PMGMG, 0
PMGMM, 0
PMGMP, 0
PMGMn, 0
PMGPm, 0
PMGNS, 0
PMPgS, 0
PMPgR, 0
PMPgg, 0
PMPgM, 0
PMPgP, 0
PMPgd, 0
PMPgn, 0
PMPMP, 0
PMPdn, 0
PMPdN, 0
PMPDS, 0
PMPDg, 1
PMPDn, 0
PMPnS, 0
PMPNS, 0
PMDnS, 1
PmrGm, 0
PmRSS, 0
PmRSR, 0
PmRSm, 0
PmRSP, 0
PmRSD, 0
PmRSn, 0
PmRmP, 0
PmgrS, 0
Pmgrr, 0
Pmgrg, 0
Pmgrm, 0
PmgrP, 0
Pmgrd, 0
PmgrD, 0
PmgrN, 0
PmgmP, 0
PmGrS, 0
PmGrr, 0
PmGrG, 0
PmGrm, 0
PmGrP, 0
PmGrD, 0
PmGrN, 0
PmGRS, 0
PmGRR, 0
PmGRG, 0
PmGRm, 0
PmGRP, 0
PmGRD, 0
PmGRN, 0
PmGmS, 0
PmGmr, 0
PmGmR, 0
PmGmG, 0
PmGmm, 0
PmGmP, 0
PmGmD, 0
PmGmN, 0
PmPGS, 0
PmPGR, 0
PmPGG, 0
PmPGM, 0
PmPGm, 0
PmPGP, 0
PmPGD, 0
PmPGN, 0
PmPMR, 0
PmPmP, 0
PmPdN, 0
PmPDS, 0
PmPDR, 0
PmPDG, 0
PmPDM, 0
PmPDm, 0
PmPDP, 0
PmPDD, 0
PmPDN, 0
PmPNS, 0
PmDNS, 0
PPRGR, 0
PPRGm, 0
PPgMR, 0
PPGRS, 0
PPGMG, 0
PPMRS, 0
PPMgS, 0
PPMgr, 0
PPMgR, 0
PPMGr, 0
PPMGR, 0
PPMGM, 0
PPMPg, 0
PPmRS, 0
PPmgr, 0
PPmGr, 0
PPmGR, 0
PPmGm, 0
PPmPG, 0
PPmPD, 0
PPdnS, 0
PPdNS, 0
PPDgM, 1
PPDGP, 0
PPDPM, 0
PPDnS, 0
PPDNS, 0
PPnSg, 0
PdPMg, 0
PdPMG, 0
PdnSS, 0
PdnSr, 0
PdnSR, 0
PdnSg, 0
PdnSM, 0
PdnSP, 0
PdnSd, 0
PdnSn, 0
PdnPg, 0
PdnPM, 0
PdnPd, 0
PdndP, 0
PdNSS, 0
PdNSr, 0
PdNSg, 0
PdNSG, 0
PdNSM, 0
PdNSm, 0
PdNSP, 0
PdNSd, 0
PdNSD, 0
PdNSN, 0
PdNdP, 0
PdNDP, 0
PDSRG, 0
PDSRM, 0
PDSRm, 0
PDSDP, 0
PDSnD, 0
PDRSR, 0
PDgRS, 1
PDgMS, 1
PDgMR, 1
PDgMg, 1
PDgMM, 1
PDgMP, 1
PDgMD, 1
PDgMn, 1
PDgMN, 1
PDGRS, 0
PDGPS, 0
PDGPR, 0
PDGPG, 0
PDGPP, 0
PDGPD, 0
PDMPD, 1
PDPGR, 0
PDPMS, 0
PDPMR, 0
PDPMg, 0
PDPMG, 0
PDPMM, 0
PDPMm, 0
PDPMP, 0
PDPMD, 0
PDPMN, 0
PDPmR, 0
PDPmg, 0
PDPmG, 0
PDPmP, 0
PDPDS, 0
PDPDG, 0
PDPDP, 0
PDPDN, 0
PDnSS, 0
PDnSr, 0
PDnSR, 0
PDnSg, 0
PDnSG, 0
PDnSM, 0
PDnSP, 0
PDnSD, 0
PDnSn, 0
PDnDP, 0
PDNSS, 0
PDNSR, 0
PDNSG, 0
PDNSM, 0
PDNSm, 0
PDNSP, 0
PDNSD, 0
PDNSN, 0
PDNDP, 0
PnSgS, 0
PnSgR, 0
PnSgg, 0
PnSgM, 0
PnSgP, 0
PnSgn, 0
PnSGM, 0
PnSnP, 0
PnSnD, 0
PnPMR, 0
PnPMg, 0
PnPMG, 0
PnPMP, 0
PndPM, 0
PnDPM, 0
PnDPm, 0
PNSRG, 0
PNSRM, 0
PNSGR, 0
PNSGM, 0
PNSGm, 0
PNSnP, 0
PNSnD, 0
PNSNP, 0
PNSND, 0
PNrGm, 0
PNRGm, 0
PNPGR, 0
PNdPM, 0
PNDMP, 1
PNDPm, 0
dSrgM, 0
dSrgm, 0
dSrGM, 0
dSRgM, 0
dSRMP, 0
dSgMd, 0
dSdnP, 0
dSndM, 0
dSndP, 0
dSNdM, 0
dSNdP, 0
dSNDP, 0
drgMP, 0
drgmP, 0
drGMP, 0
dRgMP, 0
dRMPd, 0
dgMRS, 0
dgMPd, 0
dgMdn, 0
dgMdN, 0
dgmPd, 0
dGMPd, 0
dMgSS, 0
dMgSg, 0
dMgSM, 0
dMgSd, 0
dMgSn, 0
dMgSN, 0
dMgrS, 0
dMgRS, 0
dMgMd, 0
dMGrS, 0
dMPgM, 0
dMPdn, 0
dMPdN, 0
dMdnS, 0
dMdNS, 0
dmgrS, 0
dmPdN, 0
dPgMR, 0
dPMgS, 0
dPMgr, 0
dPMgR, 0
dPMgg, 0
dPMgM, 0
dPMgP, 0
dPMgd, 0
dPMgn, 0
dPMGS, 0
dPMGr, 0
dPMGG, 0
dPMGM, 0
dPMGP, 0
dPMGd, 0
dPMGN, 0
dPMPg, 0
dPMPd, 0
dPmgr, 0
dPdnS, 0
dPdNS, 0
ddMgS, 0
ddPMg, 0
ddPMG, 0
ddnPM, 0
dDPmg, 0
dnSrg, 0
dnSRg, 0
dnSRM, 0
dnSgM, 0
dnSdn, 0
dnSnd, 0
dnPgM, 0
dnPMS, 0
dnPMR, 0
dnPMg, 0
dnPMM, 0
dnPMP, 0
dnPMd, 0
dnPMn, 0
dnPdn, 0
dndMg, 0
dndPM, 0
dNSrg, 0
dNSrG, 0
dNSgM, 0
dNSNd, 0
dNSND, 0
dNdMg, 0
dNdPM, 0
dNDPm, 0
DSrgm, 0
DSrGM, 0
DSRgM, 0
DSRGR, 0
DSRGP, 0
DSRMP, 0
DSRmP, 0
DSgMP, 0
DSgMD, 1
DSGMP, 0
DSGmP, 0
DSGmD, 0
DSMGP, 0
DSDPG, 0
DSDPM, 0
DSDPD, 0
DSnDP, 0
DSNDM, 1
DSNDm, 0
DSNDP, 0
DrgmP, 0
DrGMP, 0
DrGmD, 0
DRSRS, 0
DRSRR, 0
DRSRG, 0
DRSRP, 0
DRSRD, 0
DRSDP, 0
DRgMP, 0
DRGRS, 0
DRGmD, 0
DRGPD, 0
DRGNS, 0
DRMPD, 0
DRMPN, 0
DRmPD, 0
DgMgS, 1
DgMgR, 1
DgMgg, 1
DgMgM, 1
DgMgP, 1
DgMgD, 1
DgMgn, 1
DgMgN, 1
DgMPD, 1
DgMPn, 0
DgMDg, 1
DgMDM, 1
DgMDn, 1
DgmPd, 0
DGRGS, 0
DGRGN, 0
DGMGR, 0
DGMPD, 0
DGMPN, 0
DGmrG, 0
DGmGS, 0
DGmGR, 0
DGmPN, 0
DGmDN, 0
DGPGS, 0
DGPGR, 0
DGPGG, 0
DGPGP, 0
DGPGD, 0
DGPmP, 0
DGPDS, 0
DGPDG, 0
DGPDP, 0
DMgRS, 1
DMGrS, 0
DMGRS, 0
DMGRG, 0
DMGmS, 0
DMGmG, 0
DMGmM, 0
DMGmm, 0
DMGmD, 0
DMGmN, 0
DMGPm, 0
DMPDS, 1
DMPDR, 1
DMPDg, 1
DMPDM, 1
DMPDP, 1
DMPDD, 1
DMPDn, 1
DMPDN, 1
DMPnS, 0
DMPNS, 0
DMDnS, 1
DmgrS, 0
DmGrS, 0
DmGrr, 0
DmGrG, 0
DmGrm, 0
DmGrD, 0
DmGrN, 0
DmGRS, 0
DmGmG, 0
DmGmD, 0
DmPGM, 0
DmPdN, 0
DmPDS, 0
DmPDP, 0
DmPDN, 0
DmPNS, 0
DmDNS, 0
DPRGR, 0
DPRGm, 0
DPRGP, 0
DPGRS, 0
DPGRR, 0
DPGRG, 0
DPGRP, 0
DPGRD, 0
DPGMG, 0
DPGMP, 0
DPGPD, 0
DPMRS, 0
DPMRR, 0
DPMRG, 0
DPMRM, 0
DPMRm, 0
DPMRP, 0
DPMRD, 0
DPMRN, 0
DPMgS, 0
DPMgR, 0
DPMgg, 0
DPMgM, 0
DPMgP, 0
DPMgD, 0
DPMgn, 0
DPMGS, 0
DPMGr, 0
DPMGR, 0
DPMGG, 0
DPMGM, 0
DPMGP, 0
DPMGD, 0
DPMGn, 0
DPMGN, 0
DPMPD, 0
DPMPn, 0
DPMPN, 0
DPmrG, 0
DPmRS, 0
DPmRR, 0
DPmRm, 0
DPmRP, 0
DPmRD, 0
DPmRn, 0
DPmgS, 0
DPmgr, 0
DPmgg, 0
DPmgm, 0
DPmgP, 0
DPmgd, 0
DPmgD, 0
DPmgN, 0
DPmGS, 0
DPmGr, 0
DPmGR, 0
DPmGG, 0
DPmGm, 0
DPmGP, 0
DPmGD, 0
DPmGN, 0
DPmPS, 0
DPmPR, 0
DPmPG, 0
DPmPM, 0
DPmPm, 0
DPmPP, 0
DPmPd, 0
DPmPD, 0
DPmPN, 0
DPmDN, 0
DPdNS, 0
DPDSR, 0
DPDSD, 0
DPDgM, 1
DPDGS, 0
DPDGR, 0
DPDGG, 0
DPDGP, 0
DPDGD, 0
DPDPM, 0
DPDPm, 0
DPDPD, 0
DPDnS, 0
DPDNS, 0
DPnSg, 0
DPNSR, 0
DPNSG, 0
DDRSR, 0
DDgMg, 1
DDGPG, 0
DDMGm, 0
DDMPD, 1
DDmGr, 0
DDPGR, 0
DDPMR, 0
DDPMg, 0
DDPMG, 0
DDPmR, 0
DDPmg, 0
DDPmG, 0
DDPmP, 0
DDPDG, 0
DnSrG, 0
DnSRg, 0
DnSgM, 1
DnSnD, 0
DnSND, 1
DnDPM, 0
DnDPm, 0
DNSRM, 0
DNSGM, 0
DNSGm, 0
DNSMG, 0
DNSND, 0
DNrGm, 0
DNRGm, 0
DNDMG, 0
DNDMP, 1
DNDmG, 0
DNDPM, 0
DNDPm, 0
nSrgM, 0
nSrGM, 0
nSRgM, 0
nSRMP, 0
nSRmP, 0
nSgRS, 0
nSgMS, 0
nSgMR, 0
nSgMg, 1
nSgMM, 0
nSgMP, 0
nSgMd, 0
nSgMD, 1
nSgMn, 0
nSGMg, 0
nSGMP, 0
nSdnS, 0
nSdnP, 0
nSnPM, 0
nSndM, 0
nSndP, 0
nSnDP, 0
nSNDM, 1
nrgMP, 0
nrGMP, 0
nRgMP, 0
nRGNS, 0
nRMPd, 0
nRMPD, 0
nRMPN, 0
nRmPD, 0
ngMRS, 0
ngMgR, 1
ngMPd, 0
ngMPD, 0
ngMPn, 0
ngMdn, 0
ngMDn, 1
nGRGS, 0
nGRGN, 0
nGMgS, 0
nGMPD, 0
nGMPn, 0
nMgrS, 0
nMgRS, 1
nMGrS, 0
nMGRG, 0
nMGMg, 0
nMPgM, 0
nMPdn, 0
nMPDS, 0
nMPDg, 1
nMPDn, 0
nMPnS, 0
nMPNS, 0
nMdnS, 0
nMDnS, 1
nmPDS, 0
nPgMR, 0
nPgMP, 0
nPMRS, 0
nPMRR, 0
nPMRM, 0
nPMRP, 0
nPMRn, 0
nPMRN, 0
nPMgS, 0
nPMgr, 0
nPMgR, 0
nPMgg, 0
nPMgM, 0
nPMgP, 0
nPMgn, 0
nPMGS, 0
nPMGr, 0
nPMGR, 0
nPMGg, 0
nPMGG, 0
nPMGM, 0
nPMGP, 0
nPMGn, 0
nPMPS, 0
nPMPR, 0
nPMPg, 0
nPMPM, 0
nPMPP, 0
nPMPd, 0
nPMPn, 0
nPMPN, 0
nPmRS, 0
nPdnS, 0
nPdnP, 0
nPDgM, 1
nPDnS, 0
nPnSg, 0
ndMgS, 0
ndMgg, 0
ndMgM, 0
ndMgd, 0
ndMgn, 0
ndMdn, 0
ndPMS, 0
ndPMr, 0
ndPMR, 0
ndPMg, 0
ndPMM, 0
ndPMP, 0
ndPMd, 0
ndPMn, 0
ndPdn, 0
ndnPM, 0
nDgMg, 1
nDMPD, 1
nDPMS, 0
nDPMr, 0
nDPMR, 0
nDPMg, 0
nDPMG, 0
nDPMM, 0
nDPMP, 0
nDPMD, 0
nDPMn, 0
nDPMN, 0
nDPmS, 0
nDPmR, 0
nDPmm, 0
nDPmP, 0
nDPmD, 0
nDPmn, 0
nDPDS, 0
nDPDn, 0
nDPnS, 0
nDPNS, 0
nnSgM, 0
nnPMR, 0
nnPMg, 0
nnPMG, 0
nnPMP, 0
nndMg, 0
nndPM, 0
nnDPM, 0
nnDPm, 0
nNSRM, 0
nNDMP, 1
NSrgm, 0
NSrGM, 0
NSRGP, 0
NSRGN, 0
NSRMS, 0
NSRMR, 0
NSRMG, 0
NSRMM, 0
NSRMP, 0
NSRMD, 0
NSRMn, 0
NSRMN, 0
NSgMd, 0
NSgMD, 1
NSGRS, 0
NSGMS, 0
NSGMR, 0
NSGMG, 0
NSGMM, 0
NSGMm, 0
NSGMP, 0
NSGMD, 0
NSGMN, 0
NSGmG, 0
NSGmP, 0
NSGmD, 0
NSMGP, 0
NSnPM, 0
NSnDP, 0
NSNPG, 0
NSNdM, 0
NSNdP, 0
NSNDM, 1
NSNDm, 0
NSNDP, 0
NrgmP, 0
NrGrS, 0
NrGMP, 0
NrGmS, 0
NrGmr, 0
NrGmG, 0
NrGmm, 0
NrGmP, 0
NrGmD, 0
NrGmN, 0
NRGRS, 0
NRGmS, 0
NRGmR, 0
NRGmG, 0
NRGmm, 0
NRGmP, 0
NRGmD, 0
NRGmN, 0
NRGPN, 0
NRGNS, 0
NRMPN, 0
NgMgR, 1
NgMdN, 0
NgMDn, 1
NgmPd, 0
NGRGN, 0
NGMGR, 0
NGMPd, 0
NGMPN, 0
NGmrG, 0
NGmGS, 0
NGmGR, 0
NGmPN, 0
NGmDN, 0
NGPmP, 0
NGPNS, 0
NMgRS, 1
NMGrS, 0
NMGRS, 0
NMGRG, 0
NMGmG, 0
NMGPm, 0
NMPdN, 0
NMPDg, 1
NMPNS, 0
NMdNS, 0
NMDnS, 1
NmgrS, 0
NmGrS, 0
NmGRS, 0
NmGmG, 0
NmPGM, 0
NmPdN, 0
NmPDP, 0
NmPDN, 0
NmPNS, 0
NmDNS, 0
NPRGm, 0
NPGRS, 0
NPGRR, 0
NPGRG, 0
NPGRP, 0
NPGRN, 0
NPGMG, 0
NPGPN, 0
NPMRS, 0
NPMGr, 0
NPMGR, 0
NPmgr, 0
NPmGr, 0
NPmGR, 0
NPmGm, 0
NPmPG, 0
NPmPD, 0
NPdNS, 0
NPDgM, 1
NPDPM, 0
NPDNS, 0
NdMgS, 0
NdMgg, 0
NdMgM, 0
NdMgd, 0
NdMgN, 0
NdMdN, 0
NdPMS, 0
NdPMr, 0
NdPMG, 0
NdPMM, 0
NdPMP, 0
NdPMd, 0
NdPMN, 0
NdPdN, 0
NDgMg, 1
NDgMD, 1
NDMgR, 1
NDMGS, 0
NDMGG, 0
NDMGM, 0
NDMGm, 0
NDMGD, 0
NDMGN, 0
NDMPS, 1
NDMPR, 1
NDMPg, 1
NDMPM, 1
NDMPP, 1
NDMPD, 1
NDMPn, 1
NDMPN, 1
NDMDn, 1
NDmGS, 0
NDmGr, 0
NDmGG, 0
NDmGm, 0
NDmGD, 0
NDmGN, 0
NDmDN, 0
NDPRG, 0
NDPGM, 0
NDPMR, 0
NDPMG, 0
NDPmS, 0
NDPmr, 0
NDPmR, 0
NDPmg, 0
NDPmG, 0
NDPmM, 0
NDPmm, 0
NDPmP, 0
NDPmd, 0
NDPmD, 0
NDPmN, 0
NDPdN, 0
NDPDP, 0
NDPDN, 0
NDPNS, 0
NnPMR, 0
NnDPM, 0
NNSRM, 0
NNSGM, 0
NNrGm, 0
NNRGm, 0
NNPGR, 0
NNdMg, 0
NNdPM, 0
NNDMG, 0
NNDMP, 1
NNDmG, 0
NNDPm, 0
